tick,len,raw,comp,ratio
0,6,24,16,1.5
1,6,24,16,1.5
2,6,24,16,1.5
3,6,24,16,1.5
4,6,24,16,1.5
5,6,24,16,1.5
6,6,24,16,1.5
7,6,24,16,1.5
8,6,24,16,1.5
9,6,24,16,1.5
10,6,24,16,1.5
11,6,24,16,1.5
12,6,24,16,1.5
13,6,24,16,1.5
14,6,24,16,1.5
15,6,24,16,1.5
16,6,24,16,1.5
17,6,24,16,1.5
18,6,24,16,1.5
19,6,24,16,1.5
20,6,24,16,1.5
21,6,24,16,1.5
22,6,24,16,1.5
23,6,24,16,1.5
24,6,24,16,1.5
25,6,24,16,1.5
26,6,24,16,1.5
27,6,24,16,1.5
28,6,24,16,1.5
29,6,24,16,1.5
30,6,24,16,1.5
31,6,24,16,1.5
32,6,24,16,1.5
33,6,24,16,1.5
34,6,24,16,1.5
35,6,24,16,1.5
36,6,24,16,1.5
37,6,24,16,1.5
38,6,24,16,1.5
39,6,24,16,1.5
40,6,24,16,1.5
41,6,24,16,1.5
42,6,24,16,1.5
43,6,24,16,1.5
44,6,24,16,1.5
45,6,24,16,1.5
46,6,24,16,1.5
47,6,24,16,1.5
48,6,24,16,1.5
49,6,24,16,1.5
50,6,24,16,1.5
51,6,24,16,1.5
52,6,24,16,1.5
53,6,24,16,1.5
54,6,24,16,1.5
55,6,24,16,1.5
56,6,24,16,1.5
57,6,24,16,1.5
58,6,24,16,1.5
59,6,24,16,1.5
60,6,24,16,1.5
61,6,24,16,1.5
62,6,24,16,1.5
63,6,24,16,1.5
64,6,24,16,1.5
65,6,24,16,1.5
66,6,24,16,1.5
67,6,24,16,1.5
68,6,24,16,1.5
69,6,24,16,1.5
70,6,24,16,1.5
71,6,24,16,1.5
72,6,24,16,1.5
73,6,24,16,1.5
74,6,24,16,1.5
75,6,24,16,1.5
76,6,24,16,1.5
77,6,24,16,1.5
78,6,24,16,1.5
79,6,24,16,1.5
80,6,24,16,1.5
81,6,24,16,1.5
82,6,24,16,1.5
83,6,24,16,1.5
84,6,24,16,1.5
85,6,24,16,1.5
86,6,24,16,1.5
87,6,24,16,1.5
88,6,24,16,1.5
89,6,24,16,1.5
90,6,24,16,1.5
91,6,24,16,1.5
92,6,24,16,1.5
93,6,24,16,1.5
94,6,24,16,1.5
95,6,24,16,1.5
96,6,24,16,1.5
97,6,24,16,1.5
98,6,24,16,1.5
99,6,24,16,1.5
100,6,24,16,1.5
101,6,24,16,1.5
102,6,24,16,1.5
103,6,24,16,1.5
104,6,24,16,1.5
105,6,24,16,1.5
106,6,24,16,1.5
107,6,24,16,1.5
108,6,24,16,1.5
109,6,24,16,1.5
110,6,24,16,1.5
111,6,24,16,1.5
112,6,24,16,1.5
113,6,24,16,1.5
114,6,24,16,1.5
115,6,24,16,1.5
116,6,24,16,1.5
117,6,24,16,1.5
118,6,24,16,1.5
119,6,24,16,1.5
120,6,24,16,1.5
121,6,24,16,1.5
122,6,24,16,1.5
123,6,24,16,1.5
124,6,24,16,1.5
125,6,24,16,1.5
126,6,24,16,1.5
127,6,24,16,1.5
128,6,24,16,1.5
129,6,24,16,1.5
130,6,24,16,1.5
131,6,24,16,1.5
132,6,24,16,1.5
133,6,24,16,1.5
134,6,24,16,1.5
135,6,24,16,1.5
136,6,24,16,1.5
137,6,24,16,1.5
138,6,24,16,1.5
139,6,24,16,1.5
140,6,24,16,1.5
141,6,24,16,1.5
142,6,24,16,1.5
143,6,24,16,1.5
144,6,24,16,1.5
145,6,24,16,1.5
146,6,24,16,1.5
147,6,24,16,1.5
148,6,24,16,1.5
149,6,24,16,1.5
150,6,24,16,1.5
151,6,24,16,1.5
152,6,24,16,1.5
153,6,24,16,1.5
154,6,24,16,1.5
155,6,24,16,1.5
156,6,24,16,1.5
157,6,24,16,1.5
158,6,24,16,1.5
159,6,24,16,1.5
160,6,24,16,1.5
161,6,24,16,1.5
162,6,24,16,1.5
163,6,24,16,1.5
164,6,24,16,1.5
165,6,24,16,1.5
166,6,24,16,1.5
167,6,24,16,1.5
168,6,24,16,1.5
169,6,24,16,1.5
170,6,24,16,1.5
171,6,24,16,1.5
172,6,24,16,1.5
173,6,24,16,1.5
174,6,24,16,1.5
175,6,24,16,1.5
176,6,24,16,1.5
177,6,24,16,1.5
178,6,24,16,1.5
179,6,24,16,1.5
180,6,24,16,1.5
181,6,24,16,1.5
182,6,24,16,1.5
183,6,24,16,1.5
184,6,24,16,1.5
185,6,24,16,1.5
186,6,24,16,1.5
187,6,24,16,1.5
188,6,24,16,1.5
189,6,24,16,1.5
190,6,24,16,1.5
191,6,24,16,1.5
192,6,24,16,1.5
193,6,24,16,1.5
194,6,24,16,1.5
195,6,24,16,1.5
196,6,24,16,1.5
197,6,24,16,1.5
198,6,24,16,1.5
199,6,24,16,1.5
200,6,24,16,1.5
201,6,24,16,1.5
202,6,24,16,1.5
203,6,24,16,1.5
204,6,24,16,1.5
205,6,24,16,1.5
206,6,24,16,1.5
207,6,24,16,1.5
208,6,24,16,1.5
209,6,24,16,1.5
210,6,24,16,1.5
211,6,24,16,1.5
212,6,24,16,1.5
213,6,24,16,1.5
214,6,24,16,1.5
215,6,24,16,1.5
216,6,24,16,1.5
217,6,24,16,1.5
218,6,24,16,1.5
219,6,24,16,1.5
220,6,24,16,1.5
221,6,24,16,1.5
222,6,24,16,1.5
223,6,24,16,1.5
224,6,24,16,1.5
225,6,24,16,1.5
226,6,24,16,1.5
227,6,24,16,1.5
228,6,24,16,1.5
229,6,24,16,1.5
230,6,24,16,1.5
231,6,24,16,1.5
232,6,24,16,1.5
233,6,24,16,1.5
234,6,24,16,1.5
235,6,24,16,1.5
236,6,24,16,1.5
237,6,24,16,1.5
238,6,24,16,1.5
239,6,24,16,1.5
240,6,24,16,1.5
241,6,24,16,1.5
242,6,24,16,1.5
243,6,24,16,1.5
244,6,24,16,1.5
245,6,24,16,1.5
246,6,24,16,1.5
247,6,24,16,1.5
248,6,24,16,1.5
249,6,24,16,1.5
250,6,24,16,1.5
251,6,24,16,1.5
252,6,24,16,1.5
253,6,24,16,1.5
254,6,24,16,1.5
255,6,24,16,1.5
256,6,24,16,1.5
257,6,24,16,1.5
258,6,24,16,1.5
259,6,24,16,1.5
260,6,24,16,1.5
261,6,24,16,1.5
262,6,24,16,1.5
263,6,24,16,1.5
264,6,24,16,1.5
265,6,24,16,1.5
266,6,24,16,1.5
267,6,24,16,1.5
268,6,24,16,1.5
269,6,24,16,1.5
270,6,24,16,1.5
271,6,24,16,1.5
272,6,24,16,1.5
273,6,24,16,1.5
274,6,24,16,1.5
275,6,24,16,1.5
276,6,24,16,1.5
277,6,24,16,1.5
278,6,24,16,1.5
279,6,24,16,1.5
280,6,24,16,1.5
281,6,24,16,1.5
282,6,24,16,1.5
283,6,24,16,1.5
284,6,24,16,1.5
285,6,24,16,1.5
286,6,24,16,1.5
287,6,24,16,1.5
288,6,24,16,1.5
289,6,24,16,1.5
290,6,24,16,1.5
291,6,24,16,1.5
292,6,24,16,1.5
293,6,24,16,1.5
294,6,24,16,1.5
295,6,24,16,1.5
296,6,24,16,1.5
297,6,24,16,1.5
298,6,24,16,1.5
299,6,24,16,1.5
300,6,24,16,1.5
301,6,24,16,1.5
302,6,24,16,1.5
303,6,24,16,1.5
304,6,24,16,1.5
305,6,24,16,1.5
306,6,24,16,1.5
307,6,24,16,1.5
308,6,24,16,1.5
309,6,24,16,1.5
310,6,24,16,1.5
311,6,24,16,1.5
312,6,24,16,1.5
313,6,24,16,1.5
314,6,24,16,1.5
315,6,24,16,1.5
316,6,24,16,1.5
317,6,24,16,1.5
318,6,24,16,1.5
319,6,24,16,1.5
320,6,24,16,1.5
321,6,24,16,1.5
322,6,24,16,1.5
323,6,24,16,1.5
324,6,24,16,1.5
325,6,24,16,1.5
326,6,24,16,1.5
327,6,24,16,1.5
328,6,24,16,1.5
329,6,24,16,1.5
330,6,24,16,1.5
331,6,24,16,1.5
332,6,24,16,1.5
333,6,24,16,1.5
334,6,24,16,1.5
335,6,24,16,1.5
336,6,24,16,1.5
337,6,24,16,1.5
338,6,24,16,1.5
339,6,24,16,1.5
340,6,24,16,1.5
341,6,24,16,1.5
342,6,24,16,1.5
343,6,24,16,1.5
344,6,24,16,1.5
345,6,24,16,1.5
346,6,24,16,1.5
347,6,24,16,1.5
348,6,24,16,1.5
349,6,24,16,1.5
350,6,24,16,1.5
351,6,24,16,1.5
352,6,24,16,1.5
353,6,24,16,1.5
354,6,24,16,1.5
355,6,24,16,1.5
356,6,24,16,1.5
357,6,24,16,1.5
358,6,24,16,1.5
359,6,24,16,1.5
360,6,24,16,1.5
361,6,24,16,1.5
362,6,24,16,1.5
363,6,24,16,1.5
364,6,24,16,1.5
365,6,24,16,1.5
366,6,24,16,1.5
367,6,24,16,1.5
368,6,24,16,1.5
369,6,24,16,1.5
370,6,24,16,1.5
371,6,24,16,1.5
372,6,24,16,1.5
373,6,24,16,1.5
374,6,24,16,1.5
375,6,24,16,1.5
376,6,24,16,1.5
377,6,24,16,1.5
378,6,24,16,1.5
379,6,24,16,1.5
380,6,24,16,1.5
381,6,24,16,1.5
382,6,24,16,1.5
383,6,24,16,1.5
384,6,24,16,1.5
385,6,24,16,1.5
386,6,24,16,1.5
387,6,24,16,1.5
388,6,24,16,1.5
389,6,24,16,1.5
390,6,24,16,1.5
391,6,24,16,1.5
392,6,24,16,1.5
393,6,24,16,1.5
394,6,24,16,1.5
395,6,24,16,1.5
396,6,24,16,1.5
397,6,24,16,1.5
398,6,24,16,1.5
399,6,24,16,1.5
400,6,24,16,1.5
401,6,24,16,1.5
402,6,24,16,1.5
403,6,24,16,1.5
404,6,24,16,1.5
405,6,24,16,1.5
406,6,24,16,1.5
407,6,24,16,1.5
408,6,24,16,1.5
409,6,24,16,1.5
410,6,24,16,1.5
411,6,24,16,1.5
412,6,24,16,1.5
413,6,24,16,1.5
414,6,24,16,1.5
415,6,24,16,1.5
416,6,24,16,1.5
417,6,24,16,1.5
418,6,24,16,1.5
419,6,24,16,1.5
420,6,24,16,1.5
421,6,24,16,1.5
422,6,24,16,1.5
423,6,24,16,1.5
424,6,24,16,1.5
425,6,24,16,1.5
426,6,24,16,1.5
427,6,24,16,1.5
428,6,24,16,1.5
429,6,24,16,1.5
430,6,24,16,1.5
431,6,24,16,1.5
432,6,24,16,1.5
433,6,24,16,1.5
434,6,24,16,1.5
435,6,24,16,1.5
436,6,24,16,1.5
437,6,24,16,1.5
438,6,24,16,1.5
439,6,24,16,1.5
440,6,24,16,1.5
441,6,24,16,1.5
442,6,24,16,1.5
443,6,24,16,1.5
444,6,24,16,1.5
445,6,24,16,1.5
446,6,24,16,1.5
447,6,24,16,1.5
448,6,24,16,1.5
449,6,24,16,1.5
450,6,24,16,1.5
451,6,24,16,1.5
452,6,24,16,1.5
453,6,24,16,1.5
454,6,24,16,1.5
455,6,24,16,1.5
456,6,24,16,1.5
457,6,24,16,1.5
458,6,24,16,1.5
459,6,24,16,1.5
460,6,24,16,1.5
461,6,24,16,1.5
462,6,24,16,1.5
463,6,24,16,1.5
464,6,24,16,1.5
465,6,24,16,1.5
466,6,24,16,1.5
467,6,24,16,1.5
468,6,24,16,1.5
469,6,24,16,1.5
470,6,24,16,1.5
471,6,24,16,1.5
472,6,24,16,1.5
473,6,24,16,1.5
474,6,24,16,1.5
475,6,24,16,1.5
476,6,24,16,1.5
477,6,24,16,1.5
478,6,24,16,1.5
479,6,24,16,1.5
480,6,24,16,1.5
481,6,24,16,1.5
482,6,24,16,1.5
483,6,24,16,1.5
484,6,24,16,1.5
485,6,24,16,1.5
486,6,24,16,1.5
487,6,24,16,1.5
488,6,24,16,1.5
489,6,24,16,1.5
490,6,24,16,1.5
491,6,24,16,1.5
492,6,24,16,1.5
493,6,24,16,1.5
494,6,24,16,1.5
495,6,24,16,1.5
496,6,24,16,1.5
497,6,24,16,1.5
498,6,24,16,1.5
499,6,24,16,1.5
500,6,24,16,1.5
501,6,24,16,1.5
502,6,24,16,1.5
503,6,24,16,1.5
504,6,24,16,1.5
505,6,24,16,1.5
506,6,24,16,1.5
507,6,24,16,1.5
508,6,24,16,1.5
509,6,24,16,1.5
510,6,24,16,1.5
511,6,24,16,1.5
512,6,24,16,1.5
513,6,24,16,1.5
514,6,24,16,1.5
515,6,24,16,1.5
516,6,24,16,1.5
517,6,24,16,1.5
518,6,24,16,1.5
519,6,24,16,1.5
520,6,24,16,1.5
521,6,24,16,1.5
522,6,24,16,1.5
523,6,24,16,1.5
524,6,24,16,1.5
525,6,24,16,1.5
526,6,24,16,1.5
527,6,24,16,1.5
528,6,24,16,1.5
529,6,24,16,1.5
530,6,24,16,1.5
531,6,24,16,1.5
532,6,24,16,1.5
533,6,24,16,1.5
534,6,24,16,1.5
535,6,24,16,1.5
536,6,24,16,1.5
537,6,24,16,1.5
538,6,24,16,1.5
539,6,24,16,1.5
540,6,24,16,1.5
541,6,24,16,1.5
542,6,24,16,1.5
543,6,24,16,1.5
544,6,24,16,1.5
545,6,24,16,1.5
546,6,24,16,1.5
547,6,24,16,1.5
548,6,24,16,1.5
549,6,24,16,1.5
550,6,24,16,1.5
551,6,24,16,1.5
552,6,24,16,1.5
553,6,24,16,1.5
554,6,24,16,1.5
555,6,24,16,1.5
556,6,24,16,1.5
557,6,24,16,1.5
558,6,24,16,1.5
559,6,24,16,1.5
560,6,24,16,1.5
561,6,24,16,1.5
562,6,24,16,1.5
563,6,24,16,1.5
564,6,24,16,1.5
565,6,24,16,1.5
566,6,24,16,1.5
567,6,24,16,1.5
568,6,24,16,1.5
569,6,24,16,1.5
570,6,24,16,1.5
571,6,24,16,1.5
572,6,24,16,1.5
573,6,24,16,1.5
574,6,24,16,1.5
575,6,24,16,1.5
576,6,24,16,1.5
577,6,24,16,1.5
578,6,24,16,1.5
579,6,24,16,1.5
580,6,24,16,1.5
581,6,24,16,1.5
582,6,24,16,1.5
583,6,24,16,1.5
584,6,24,16,1.5
585,6,24,16,1.5
586,6,24,16,1.5
587,6,24,16,1.5
588,6,24,16,1.5
589,6,24,16,1.5
590,6,24,16,1.5
591,6,24,16,1.5
592,6,24,16,1.5
593,6,24,16,1.5
594,6,24,16,1.5
595,6,24,16,1.5
596,6,24,16,1.5
597,6,24,16,1.5
598,6,24,16,1.5
599,6,24,16,1.5
600,6,24,16,1.5
601,6,24,16,1.5
602,6,24,16,1.5
603,6,24,16,1.5
604,6,24,16,1.5
605,6,24,16,1.5
606,6,24,16,1.5
607,6,24,16,1.5
608,6,24,16,1.5
609,6,24,16,1.5
610,6,24,16,1.5
611,6,24,16,1.5
612,6,24,16,1.5
613,6,24,16,1.5
614,6,24,16,1.5
615,6,24,16,1.5
616,6,24,16,1.5
617,6,24,16,1.5
618,6,24,16,1.5
619,6,24,16,1.5
620,6,24,16,1.5
621,6,24,16,1.5
622,6,24,16,1.5
623,6,24,16,1.5
624,6,24,16,1.5
625,6,24,16,1.5
626,6,24,16,1.5
627,6,24,16,1.5
628,6,24,16,1.5
629,6,24,16,1.5
630,6,24,16,1.5
631,6,24,16,1.5
632,6,24,16,1.5
633,6,24,16,1.5
634,6,24,16,1.5
635,6,24,16,1.5
636,6,24,16,1.5
637,6,24,16,1.5
638,6,24,16,1.5
639,6,24,16,1.5
640,6,24,16,1.5
641,6,24,16,1.5
642,6,24,16,1.5
643,6,24,16,1.5
644,6,24,16,1.5
645,6,24,16,1.5
646,6,24,16,1.5
647,6,24,16,1.5
648,6,24,16,1.5
649,6,24,16,1.5
650,6,24,16,1.5
651,6,24,16,1.5
652,6,24,16,1.5
653,6,24,16,1.5
654,6,24,16,1.5
655,6,24,16,1.5
656,6,24,16,1.5
657,6,24,16,1.5
658,6,24,16,1.5
659,6,24,16,1.5
660,6,24,16,1.5
661,6,24,16,1.5
662,6,24,16,1.5
663,6,24,16,1.5
664,6,24,16,1.5
665,6,24,16,1.5
666,6,24,16,1.5
667,6,24,16,1.5
668,6,24,16,1.5
669,6,24,16,1.5
670,6,24,16,1.5
671,6,24,16,1.5
672,6,24,16,1.5
673,6,24,16,1.5
674,6,24,16,1.5
675,6,24,16,1.5
676,6,24,16,1.5
677,6,24,16,1.5
678,6,24,16,1.5
679,6,24,16,1.5
680,6,24,16,1.5
681,6,24,16,1.5
682,6,24,16,1.5
683,6,24,16,1.5
684,6,24,16,1.5
685,6,24,16,1.5
686,6,24,16,1.5
687,6,24,16,1.5
688,6,24,16,1.5
689,6,24,16,1.5
690,6,24,16,1.5
691,6,24,16,1.5
692,6,24,16,1.5
693,6,24,16,1.5
694,6,24,16,1.5
695,6,24,16,1.5
696,6,24,16,1.5
697,6,24,16,1.5
698,6,24,16,1.5
699,6,24,16,1.5
700,6,24,16,1.5
701,6,24,16,1.5
702,6,24,16,1.5
703,6,24,16,1.5
704,6,24,16,1.5
705,6,24,16,1.5
706,6,24,16,1.5
707,6,24,16,1.5
708,6,24,16,1.5
709,6,24,16,1.5
710,6,24,16,1.5
711,6,24,16,1.5
712,6,24,16,1.5
713,6,24,16,1.5
714,6,24,16,1.5
715,6,24,16,1.5
716,6,24,16,1.5
717,6,24,16,1.5
718,6,24,16,1.5
719,6,24,16,1.5
720,6,24,16,1.5
721,6,24,16,1.5
722,6,24,16,1.5
723,6,24,16,1.5
724,6,24,16,1.5
725,6,24,16,1.5
726,6,24,16,1.5
727,6,24,16,1.5
728,6,24,16,1.5
729,6,24,16,1.5
730,6,24,16,1.5
731,6,24,16,1.5
732,6,24,16,1.5
733,6,24,16,1.5
734,6,24,16,1.5
735,6,24,16,1.5
736,6,24,16,1.5
737,6,24,16,1.5
738,6,24,16,1.5
739,6,24,16,1.5
740,6,24,16,1.5
741,6,24,16,1.5
742,6,24,16,1.5
743,6,24,16,1.5
744,6,24,16,1.5
745,6,24,16,1.5
746,6,24,16,1.5
747,6,24,16,1.5
748,6,24,16,1.5
749,6,24,16,1.5
750,6,24,16,1.5
751,6,24,16,1.5
752,6,24,16,1.5
753,6,24,16,1.5
754,6,24,16,1.5
755,6,24,16,1.5
756,6,24,16,1.5
757,6,24,16,1.5
758,6,24,16,1.5
759,6,24,16,1.5
760,6,24,16,1.5
761,6,24,16,1.5
762,6,24,16,1.5
763,6,24,16,1.5
764,6,24,16,1.5
765,6,24,16,1.5
766,6,24,16,1.5
767,6,24,16,1.5
768,6,24,16,1.5
769,6,24,16,1.5
770,6,24,16,1.5
771,6,24,16,1.5
772,6,24,16,1.5
773,6,24,16,1.5
774,6,24,16,1.5
775,6,24,16,1.5
776,6,24,16,1.5
777,6,24,16,1.5
778,6,24,16,1.5
779,6,24,16,1.5
780,6,24,16,1.5
781,6,24,16,1.5
782,6,24,16,1.5
783,6,24,16,1.5
784,6,24,16,1.5
785,6,24,16,1.5
786,6,24,16,1.5
787,6,24,16,1.5
788,6,24,16,1.5
789,6,24,16,1.5
790,6,24,16,1.5
791,6,24,16,1.5
792,6,24,16,1.5
793,6,24,16,1.5
794,6,24,16,1.5
795,6,24,16,1.5
796,6,24,16,1.5
797,6,24,16,1.5
798,6,24,16,1.5
799,6,24,16,1.5
800,6,24,16,1.5
801,6,24,16,1.5
802,6,24,16,1.5
803,6,24,16,1.5
804,6,24,16,1.5
805,6,24,16,1.5
806,6,24,16,1.5
807,6,24,16,1.5
808,6,24,16,1.5
809,6,24,16,1.5
810,6,24,16,1.5
811,6,24,16,1.5
812,6,24,16,1.5
813,6,24,16,1.5
814,6,24,16,1.5
815,6,24,16,1.5
816,6,24,16,1.5
817,6,24,16,1.5
818,6,24,16,1.5
819,6,24,16,1.5
820,6,24,16,1.5
821,6,24,16,1.5
822,6,24,16,1.5
823,6,24,16,1.5
824,6,24,16,1.5
825,6,24,16,1.5
826,6,24,16,1.5
827,6,24,16,1.5
828,6,24,16,1.5
829,6,24,16,1.5
830,6,24,16,1.5
831,6,24,16,1.5
832,6,24,16,1.5
833,6,24,16,1.5
834,6,24,16,1.5
835,6,24,16,1.5
836,6,24,16,1.5
837,6,24,16,1.5
838,6,24,16,1.5
839,6,24,16,1.5
840,6,24,16,1.5
841,6,24,16,1.5
842,6,24,16,1.5
843,6,24,16,1.5
844,6,24,16,1.5
845,6,24,16,1.5
846,6,24,16,1.5
847,6,24,16,1.5
848,6,24,16,1.5
849,6,24,16,1.5
850,6,24,16,1.5
851,6,24,16,1.5
852,6,24,16,1.5
853,6,24,16,1.5
854,6,24,16,1.5
855,6,24,16,1.5
856,6,24,16,1.5
857,6,24,16,1.5
858,6,24,16,1.5
859,6,24,16,1.5
860,6,24,16,1.5
861,6,24,16,1.5
862,6,24,16,1.5
863,6,24,16,1.5
864,6,24,16,1.5
865,6,24,16,1.5
866,6,24,16,1.5
867,6,24,16,1.5
868,6,24,16,1.5
869,6,24,16,1.5
870,6,24,16,1.5
871,6,24,16,1.5
872,6,24,16,1.5
873,6,24,16,1.5
874,6,24,16,1.5
875,6,24,16,1.5
876,6,24,16,1.5
877,6,24,16,1.5
878,6,24,16,1.5
879,6,24,16,1.5
880,6,24,16,1.5
881,6,24,16,1.5
882,6,24,16,1.5
883,6,24,16,1.5
884,6,24,16,1.5
885,6,24,16,1.5
886,6,24,16,1.5
887,6,24,16,1.5
888,6,24,16,1.5
889,6,24,16,1.5
890,6,24,16,1.5
891,6,24,16,1.5
892,6,24,16,1.5
893,6,24,16,1.5
894,6,24,16,1.5
895,6,24,16,1.5
896,6,24,16,1.5
897,6,24,16,1.5
898,6,24,16,1.5
899,6,24,16,1.5
900,6,24,16,1.5
901,6,24,16,1.5
902,6,24,16,1.5
903,6,24,16,1.5
904,6,24,16,1.5
905,6,24,16,1.5
906,6,24,16,1.5
907,6,24,16,1.5
908,6,24,16,1.5
909,6,24,16,1.5
910,6,24,16,1.5
911,6,24,16,1.5
912,6,24,16,1.5
913,6,24,16,1.5
914,6,24,16,1.5
915,6,24,16,1.5
916,6,24,16,1.5
917,6,24,16,1.5
918,6,24,16,1.5
919,6,24,16,1.5
920,6,24,16,1.5
921,6,24,16,1.5
922,6,24,16,1.5
923,6,24,16,1.5
924,6,24,16,1.5
925,6,24,16,1.5
926,6,24,16,1.5
927,6,24,16,1.5
928,6,24,16,1.5
929,6,24,16,1.5
930,6,24,16,1.5
931,6,24,16,1.5
932,6,24,16,1.5
933,6,24,16,1.5
934,6,24,16,1.5
935,6,24,16,1.5
936,6,24,16,1.5
937,6,24,16,1.5
938,6,24,16,1.5
939,6,24,16,1.5
940,6,24,16,1.5
941,6,24,16,1.5
942,6,24,16,1.5
943,6,24,16,1.5
944,6,24,16,1.5
945,6,24,16,1.5
946,6,24,16,1.5
947,6,24,16,1.5
948,6,24,16,1.5
949,6,24,16,1.5
950,6,24,16,1.5
951,6,24,16,1.5
952,6,24,16,1.5
953,6,24,16,1.5
954,6,24,16,1.5
955,6,24,16,1.5
956,6,24,16,1.5
957,6,24,16,1.5
958,6,24,16,1.5
959,6,24,16,1.5
960,6,24,16,1.5
961,6,24,16,1.5
962,6,24,16,1.5
963,6,24,16,1.5
964,6,24,16,1.5
965,6,24,16,1.5
966,6,24,16,1.5
967,6,24,16,1.5
968,6,24,16,1.5
969,6,24,16,1.5
970,6,24,16,1.5
971,6,24,16,1.5
972,6,24,16,1.5
973,6,24,16,1.5
974,6,24,16,1.5
975,6,24,16,1.5
976,6,24,16,1.5
977,6,24,16,1.5
978,6,24,16,1.5
979,6,24,16,1.5
980,6,24,16,1.5
981,6,24,16,1.5
982,6,24,16,1.5
983,6,24,16,1.5
984,6,24,16,1.5
985,6,24,16,1.5
986,6,24,16,1.5
987,6,24,16,1.5
988,6,24,16,1.5
989,6,24,16,1.5
990,6,24,16,1.5
991,6,24,16,1.5
992,6,24,16,1.5
993,6,24,16,1.5
994,6,24,16,1.5
995,6,24,16,1.5
996,6,24,16,1.5
997,6,24,16,1.5
998,6,24,16,1.5
999,6,24,16,1.5
1000,6,24,16,1.5
1001,6,24,16,1.5
1002,6,24,16,1.5
1003,6,24,16,1.5
1004,6,24,16,1.5
1005,6,24,16,1.5
1006,6,24,16,1.5
1007,6,24,16,1.5
1008,6,24,16,1.5
1009,6,24,16,1.5
1010,6,24,16,1.5
1011,6,24,16,1.5
1012,6,24,16,1.5
1013,6,24,16,1.5
1014,6,24,16,1.5
1015,6,24,16,1.5
1016,6,24,16,1.5
1017,6,24,16,1.5
1018,6,24,16,1.5
1019,6,24,16,1.5
1020,6,24,16,1.5
1021,6,24,16,1.5
1022,6,24,16,1.5
1023,6,24,16,1.5
1024,6,24,16,1.5
1025,6,24,16,1.5
1026,6,24,16,1.5
1027,6,24,16,1.5
1028,6,24,16,1.5
1029,6,24,16,1.5
1030,6,24,16,1.5
1031,6,24,16,1.5
1032,6,24,16,1.5
1033,6,24,16,1.5
1034,6,24,16,1.5
1035,6,24,16,1.5
1036,6,24,16,1.5
1037,6,24,16,1.5
1038,6,24,16,1.5
1039,6,24,16,1.5
1040,6,24,16,1.5
1041,6,24,16,1.5
1042,6,24,16,1.5
1043,6,24,16,1.5
1044,6,24,16,1.5
1045,6,24,16,1.5
1046,6,24,16,1.5
1047,6,24,16,1.5
1048,6,24,16,1.5
1049,6,24,16,1.5
1050,6,24,16,1.5
1051,6,24,16,1.5
1052,6,24,16,1.5
1053,6,24,16,1.5
1054,6,24,16,1.5
1055,6,24,16,1.5
1056,6,24,16,1.5
1057,6,24,16,1.5
1058,6,24,16,1.5
1059,6,24,16,1.5
1060,6,24,16,1.5
1061,6,24,16,1.5
1062,6,24,16,1.5
1063,6,24,16,1.5
1064,6,24,16,1.5
1065,6,24,16,1.5
1066,6,24,16,1.5
1067,6,24,16,1.5
1068,6,24,16,1.5
1069,6,24,16,1.5
1070,6,24,16,1.5
1071,6,24,16,1.5
1072,6,24,16,1.5
1073,6,24,16,1.5
1074,6,24,16,1.5
1075,6,24,16,1.5
1076,6,24,16,1.5
1077,6,24,16,1.5
1078,6,24,16,1.5
1079,6,24,16,1.5
1080,6,24,16,1.5
1081,6,24,16,1.5
1082,6,24,16,1.5
1083,6,24,16,1.5
1084,6,24,16,1.5
1085,6,24,16,1.5
1086,6,24,16,1.5
1087,6,24,16,1.5
1088,6,24,16,1.5
1089,6,24,16,1.5
1090,6,24,16,1.5
1091,6,24,16,1.5
1092,6,24,16,1.5
1093,6,24,16,1.5
1094,6,24,16,1.5
1095,6,24,16,1.5
1096,6,24,16,1.5
1097,6,24,16,1.5
1098,6,24,16,1.5
1099,6,24,16,1.5
1100,6,24,16,1.5
1101,6,24,16,1.5
1102,6,24,16,1.5
1103,6,24,16,1.5
1104,6,24,16,1.5
1105,6,24,16,1.5
1106,6,24,16,1.5
1107,6,24,16,1.5
1108,6,24,16,1.5
1109,6,24,16,1.5
1110,6,24,16,1.5
1111,6,24,16,1.5
1112,6,24,16,1.5
1113,6,24,16,1.5
1114,6,24,16,1.5
1115,6,24,16,1.5
1116,6,24,16,1.5
1117,6,24,16,1.5
1118,6,24,16,1.5
1119,6,24,16,1.5
1120,6,24,16,1.5
1121,6,24,16,1.5
1122,6,24,16,1.5
1123,6,24,16,1.5
1124,6,24,16,1.5
1125,6,24,16,1.5
1126,6,24,16,1.5
1127,6,24,16,1.5
1128,6,24,16,1.5
1129,6,24,16,1.5
1130,6,24,16,1.5
1131,6,24,16,1.5
1132,6,24,16,1.5
1133,6,24,16,1.5
1134,6,24,16,1.5
1135,6,24,16,1.5
1136,6,24,16,1.5
1137,6,24,16,1.5
1138,6,24,16,1.5
1139,6,24,16,1.5
1140,6,24,16,1.5
1141,6,24,16,1.5
1142,6,24,16,1.5
1143,6,24,16,1.5
1144,6,24,16,1.5
1145,6,24,16,1.5
1146,6,24,16,1.5
1147,6,24,16,1.5
1148,6,24,16,1.5
1149,6,24,16,1.5
1150,6,24,16,1.5
1151,6,24,16,1.5
1152,6,24,16,1.5
1153,6,24,16,1.5
1154,6,24,16,1.5
1155,6,24,16,1.5
1156,6,24,16,1.5
1157,6,24,16,1.5
1158,6,24,16,1.5
1159,6,24,16,1.5
1160,6,24,16,1.5
1161,6,24,16,1.5
1162,6,24,16,1.5
1163,6,24,16,1.5
1164,6,24,16,1.5
1165,6,24,16,1.5
1166,6,24,16,1.5
1167,6,24,16,1.5
1168,6,24,16,1.5
1169,6,24,16,1.5
1170,6,24,16,1.5
1171,6,24,16,1.5
1172,6,24,16,1.5
1173,6,24,16,1.5
1174,6,24,16,1.5
1175,6,24,16,1.5
1176,6,24,16,1.5
1177,6,24,16,1.5
1178,6,24,16,1.5
1179,6,24,16,1.5
1180,6,24,16,1.5
1181,6,24,16,1.5
1182,6,24,16,1.5
1183,6,24,16,1.5
1184,6,24,16,1.5
1185,6,24,16,1.5
1186,6,24,16,1.5
1187,6,24,16,1.5
1188,6,24,16,1.5
1189,6,24,16,1.5
1190,6,24,16,1.5
1191,6,24,16,1.5
1192,6,24,16,1.5
1193,6,24,16,1.5
1194,6,24,16,1.5
1195,6,24,16,1.5
1196,6,24,16,1.5
1197,6,24,16,1.5
1198,6,24,16,1.5
1199,6,24,16,1.5
1200,6,24,16,1.5
1201,6,24,16,1.5
1202,6,24,16,1.5
1203,6,24,16,1.5
1204,6,24,16,1.5
1205,6,24,16,1.5
1206,6,24,16,1.5
1207,6,24,16,1.5
1208,6,24,16,1.5
1209,6,24,16,1.5
1210,6,24,16,1.5
1211,6,24,16,1.5
1212,6,24,16,1.5
1213,6,24,16,1.5
1214,6,24,16,1.5
1215,6,24,16,1.5
1216,6,24,16,1.5
1217,6,24,16,1.5
1218,6,24,16,1.5
1219,6,24,16,1.5
1220,6,24,16,1.5
1221,6,24,16,1.5
1222,6,24,16,1.5
1223,6,24,16,1.5
1224,6,24,16,1.5
1225,6,24,16,1.5
1226,6,24,16,1.5
1227,6,24,16,1.5
1228,6,24,16,1.5
1229,6,24,16,1.5
1230,6,24,16,1.5
1231,6,24,16,1.5
1232,6,24,16,1.5
1233,6,24,16,1.5
1234,6,24,16,1.5
1235,6,24,16,1.5
1236,6,24,16,1.5
1237,6,24,16,1.5
1238,6,24,16,1.5
1239,6,24,16,1.5
1240,6,24,16,1.5
1241,6,24,16,1.5
1242,6,24,16,1.5
1243,6,24,16,1.5
1244,6,24,16,1.5
1245,6,24,16,1.5
1246,6,24,16,1.5
1247,6,24,16,1.5
1248,6,24,16,1.5
1249,6,24,16,1.5
1250,6,24,16,1.5
1251,6,24,16,1.5
1252,6,24,16,1.5
1253,6,24,16,1.5
1254,6,24,16,1.5
1255,6,24,16,1.5
1256,6,24,16,1.5
1257,6,24,16,1.5
1258,6,24,16,1.5
1259,6,24,16,1.5
1260,6,24,16,1.5
1261,6,24,16,1.5
1262,6,24,16,1.5
1263,6,24,16,1.5
1264,6,24,16,1.5
1265,6,24,16,1.5
1266,6,24,16,1.5
1267,6,24,16,1.5
1268,6,24,16,1.5
1269,6,24,16,1.5
1270,6,24,16,1.5
1271,6,24,16,1.5
1272,6,24,16,1.5
1273,6,24,16,1.5
1274,6,24,16,1.5
1275,6,24,16,1.5
1276,6,24,16,1.5
1277,6,24,16,1.5
1278,6,24,16,1.5
1279,6,24,16,1.5
1280,6,24,16,1.5
1281,6,24,16,1.5
1282,6,24,16,1.5
1283,6,24,16,1.5
1284,6,24,16,1.5
1285,6,24,16,1.5
1286,6,24,16,1.5
1287,6,24,16,1.5
1288,6,24,16,1.5
1289,6,24,16,1.5
1290,6,24,16,1.5
1291,6,24,16,1.5
1292,6,24,16,1.5
1293,6,24,16,1.5
1294,6,24,16,1.5
1295,6,24,16,1.5
1296,6,24,16,1.5
1297,6,24,16,1.5
1298,6,24,16,1.5
1299,6,24,16,1.5
1300,6,24,16,1.5
1301,6,24,16,1.5
1302,6,24,16,1.5
1303,6,24,16,1.5
1304,6,24,16,1.5
1305,6,24,16,1.5
1306,6,24,16,1.5
1307,6,24,16,1.5
1308,6,24,16,1.5
1309,6,24,16,1.5
1310,6,24,16,1.5
1311,6,24,16,1.5
1312,6,24,16,1.5
1313,6,24,16,1.5
1314,6,24,16,1.5
1315,6,24,16,1.5
1316,6,24,16,1.5
1317,6,24,16,1.5
1318,6,24,16,1.5
1319,6,24,16,1.5
1320,6,24,16,1.5
1321,6,24,16,1.5
1322,6,24,16,1.5
1323,6,24,16,1.5
1324,6,24,16,1.5
1325,6,24,16,1.5
1326,6,24,16,1.5
1327,6,24,16,1.5
1328,6,24,16,1.5
1329,6,24,16,1.5
1330,6,24,16,1.5
1331,6,24,16,1.5
1332,6,24,16,1.5
1333,6,24,16,1.5
1334,6,24,16,1.5
1335,6,24,16,1.5
1336,6,24,16,1.5
1337,6,24,16,1.5
1338,6,24,16,1.5
1339,6,24,16,1.5
1340,6,24,16,1.5
1341,6,24,16,1.5
1342,6,24,16,1.5
1343,6,24,16,1.5
1344,6,24,16,1.5
1345,6,24,16,1.5
1346,6,24,16,1.5
1347,6,24,16,1.5
1348,6,24,16,1.5
1349,6,24,16,1.5
1350,6,24,16,1.5
1351,6,24,16,1.5
1352,6,24,16,1.5
1353,6,24,16,1.5
1354,6,24,16,1.5
1355,6,24,16,1.5
1356,6,24,16,1.5
1357,6,24,16,1.5
1358,6,24,16,1.5
1359,6,24,16,1.5
1360,6,24,16,1.5
1361,6,24,16,1.5
1362,6,24,16,1.5
1363,6,24,16,1.5
1364,6,24,16,1.5
1365,6,24,16,1.5
1366,6,24,16,1.5
1367,6,24,16,1.5
1368,6,24,16,1.5
1369,6,24,16,1.5
1370,6,24,16,1.5
1371,6,24,16,1.5
1372,6,24,16,1.5
1373,6,24,16,1.5
1374,6,24,16,1.5
1375,6,24,16,1.5
1376,6,24,16,1.5
1377,6,24,16,1.5
1378,6,24,16,1.5
1379,6,24,16,1.5
1380,6,24,16,1.5
1381,6,24,16,1.5
1382,6,24,16,1.5
1383,6,24,16,1.5
1384,6,24,16,1.5
1385,6,24,16,1.5
1386,6,24,16,1.5
1387,6,24,16,1.5
1388,6,24,16,1.5
1389,6,24,16,1.5
1390,6,24,16,1.5
1391,6,24,16,1.5
1392,6,24,16,1.5
1393,6,24,16,1.5
1394,6,24,16,1.5
1395,6,24,16,1.5
1396,6,24,16,1.5
1397,6,24,16,1.5
1398,6,24,16,1.5
1399,6,24,16,1.5
1400,6,24,16,1.5
1401,6,24,16,1.5
1402,6,24,16,1.5
1403,6,24,16,1.5
1404,6,24,16,1.5
1405,6,24,16,1.5
1406,6,24,16,1.5
1407,6,24,16,1.5
1408,6,24,16,1.5
1409,6,24,16,1.5
1410,6,24,16,1.5
1411,6,24,16,1.5
1412,6,24,16,1.5
1413,6,24,16,1.5
1414,6,24,16,1.5
1415,6,24,16,1.5
1416,6,24,16,1.5
1417,6,24,16,1.5
1418,6,24,16,1.5
1419,6,24,16,1.5
1420,6,24,16,1.5
1421,6,24,16,1.5
1422,6,24,16,1.5
1423,6,24,16,1.5
1424,6,24,16,1.5
1425,6,24,16,1.5
1426,6,24,16,1.5
1427,6,24,16,1.5
1428,6,24,16,1.5
1429,6,24,16,1.5
1430,6,24,16,1.5
1431,6,24,16,1.5
1432,6,24,16,1.5
1433,6,24,16,1.5
1434,6,24,16,1.5
1435,6,24,16,1.5
1436,6,24,16,1.5
1437,6,24,16,1.5
1438,6,24,16,1.5
1439,6,24,16,1.5
1440,6,24,16,1.5
1441,6,24,16,1.5
1442,6,24,16,1.5
1443,6,24,16,1.5
1444,6,24,16,1.5
1445,6,24,16,1.5
1446,6,24,16,1.5
1447,6,24,16,1.5
1448,6,24,16,1.5
1449,6,24,16,1.5
1450,6,24,16,1.5
1451,6,24,16,1.5
1452,6,24,16,1.5
1453,6,24,16,1.5
1454,6,24,16,1.5
1455,6,24,16,1.5
1456,6,24,16,1.5
1457,6,24,16,1.5
1458,6,24,16,1.5
1459,6,24,16,1.5
1460,6,24,16,1.5
1461,6,24,16,1.5
1462,6,24,16,1.5
1463,6,24,16,1.5
1464,6,24,16,1.5
1465,6,24,16,1.5
1466,6,24,16,1.5
1467,6,24,16,1.5
1468,6,24,16,1.5
1469,6,24,16,1.5
1470,6,24,16,1.5
1471,6,24,16,1.5
1472,6,24,16,1.5
1473,6,24,16,1.5
1474,6,24,16,1.5
1475,6,24,16,1.5
1476,6,24,16,1.5
1477,6,24,16,1.5
1478,6,24,16,1.5
1479,6,24,16,1.5
1480,6,24,16,1.5
1481,6,24,16,1.5
1482,6,24,16,1.5
1483,6,24,16,1.5
1484,6,24,16,1.5
1485,6,24,16,1.5
1486,6,24,16,1.5
1487,6,24,16,1.5
1488,6,24,16,1.5
1489,6,24,16,1.5
1490,6,24,16,1.5
1491,6,24,16,1.5
1492,6,24,16,1.5
1493,6,24,16,1.5
1494,6,24,16,1.5
1495,6,24,16,1.5
1496,6,24,16,1.5
1497,6,24,16,1.5
1498,6,24,16,1.5
1499,6,24,16,1.5
1500,6,24,16,1.5
1501,6,24,16,1.5
1502,6,24,16,1.5
1503,6,24,16,1.5
1504,6,24,16,1.5
1505,6,24,16,1.5
1506,6,24,16,1.5
1507,6,24,16,1.5
1508,6,24,16,1.5
1509,6,24,16,1.5
1510,6,24,16,1.5
1511,6,24,16,1.5
1512,6,24,16,1.5
1513,6,24,16,1.5
1514,6,24,16,1.5
1515,6,24,16,1.5
1516,6,24,16,1.5
1517,6,24,16,1.5
1518,6,24,16,1.5
1519,6,24,16,1.5
1520,6,24,16,1.5
1521,6,24,16,1.5
1522,6,24,16,1.5
1523,6,24,16,1.5
1524,6,24,16,1.5
1525,6,24,16,1.5
1526,6,24,16,1.5
1527,6,24,16,1.5
1528,6,24,16,1.5
1529,6,24,16,1.5
1530,6,24,16,1.5
1531,6,24,16,1.5
1532,6,24,16,1.5
1533,6,24,16,1.5
1534,6,24,16,1.5
1535,6,24,16,1.5
1536,6,24,16,1.5
1537,6,24,16,1.5
1538,6,24,16,1.5
1539,6,24,16,1.5
1540,6,24,16,1.5
1541,6,24,16,1.5
1542,6,24,16,1.5
1543,6,24,16,1.5
1544,6,24,16,1.5
1545,6,24,16,1.5
1546,6,24,16,1.5
1547,6,24,16,1.5
1548,6,24,16,1.5
1549,6,24,16,1.5
1550,6,24,16,1.5
1551,6,24,16,1.5
1552,6,24,16,1.5
1553,6,24,16,1.5
1554,6,24,16,1.5
1555,6,24,16,1.5
1556,6,24,16,1.5
1557,6,24,16,1.5
1558,6,24,16,1.5
1559,6,24,16,1.5
1560,6,24,16,1.5
1561,6,24,16,1.5
1562,6,24,16,1.5
1563,6,24,16,1.5
1564,6,24,16,1.5
1565,6,24,16,1.5
1566,6,24,16,1.5
1567,6,24,16,1.5
1568,6,24,16,1.5
1569,6,24,16,1.5
1570,6,24,16,1.5
1571,6,24,16,1.5
1572,6,24,16,1.5
1573,6,24,16,1.5
1574,6,24,16,1.5
1575,6,24,16,1.5
1576,6,24,16,1.5
1577,6,24,16,1.5
1578,6,24,16,1.5
1579,6,24,16,1.5
1580,6,24,16,1.5
1581,6,24,16,1.5
1582,6,24,16,1.5
1583,6,24,16,1.5
1584,6,24,16,1.5
1585,6,24,16,1.5
1586,6,24,16,1.5
1587,6,24,16,1.5
1588,6,24,16,1.5
1589,6,24,16,1.5
1590,6,24,16,1.5
1591,6,24,16,1.5
1592,6,24,16,1.5
1593,6,24,16,1.5
1594,6,24,16,1.5
1595,6,24,16,1.5
1596,6,24,16,1.5
1597,6,24,16,1.5
1598,6,24,16,1.5
1599,6,24,16,1.5
1600,6,24,16,1.5
1601,6,24,16,1.5
1602,6,24,16,1.5
1603,6,24,16,1.5
1604,6,24,16,1.5
1605,6,24,16,1.5
1606,6,24,16,1.5
1607,6,24,16,1.5
1608,6,24,16,1.5
1609,6,24,16,1.5
1610,6,24,16,1.5
1611,6,24,16,1.5
1612,6,24,16,1.5
1613,6,24,16,1.5
1614,6,24,16,1.5
1615,6,24,16,1.5
1616,6,24,16,1.5
1617,6,24,16,1.5
1618,6,24,16,1.5
1619,6,24,16,1.5
1620,6,24,16,1.5
1621,6,24,16,1.5
1622,6,24,16,1.5
1623,6,24,16,1.5
1624,6,24,16,1.5
1625,6,24,16,1.5
1626,6,24,16,1.5
1627,6,24,16,1.5
1628,6,24,16,1.5
1629,6,24,16,1.5
1630,6,24,16,1.5
1631,6,24,16,1.5
1632,6,24,16,1.5
1633,6,24,16,1.5
1634,6,24,16,1.5
1635,6,24,16,1.5
1636,6,24,16,1.5
1637,6,24,16,1.5
1638,6,24,16,1.5
1639,6,24,16,1.5
1640,6,24,16,1.5
1641,6,24,16,1.5
1642,6,24,16,1.5
1643,6,24,16,1.5
1644,6,24,16,1.5
1645,6,24,16,1.5
1646,6,24,16,1.5
1647,6,24,16,1.5
1648,6,24,16,1.5
1649,6,24,16,1.5
1650,6,24,16,1.5
1651,6,24,16,1.5
1652,6,24,16,1.5
1653,6,24,16,1.5
1654,6,24,16,1.5
1655,6,24,16,1.5
1656,6,24,16,1.5
1657,6,24,16,1.5
1658,6,24,16,1.5
1659,6,24,16,1.5
1660,6,24,16,1.5
1661,6,24,16,1.5
1662,6,24,16,1.5
1663,6,24,16,1.5
1664,6,24,16,1.5
1665,6,24,16,1.5
1666,6,24,16,1.5
1667,6,24,16,1.5
1668,6,24,16,1.5
1669,6,24,16,1.5
1670,6,24,16,1.5
1671,6,24,16,1.5
1672,6,24,16,1.5
1673,6,24,16,1.5
1674,6,24,16,1.5
1675,6,24,16,1.5
1676,6,24,16,1.5
1677,6,24,16,1.5
1678,6,24,16,1.5
1679,6,24,16,1.5
1680,6,24,16,1.5
1681,6,24,16,1.5
1682,6,24,16,1.5
1683,6,24,16,1.5
1684,6,24,16,1.5
1685,6,24,16,1.5
1686,6,24,16,1.5
1687,6,24,16,1.5
1688,6,24,16,1.5
1689,6,24,16,1.5
1690,6,24,16,1.5
1691,6,24,16,1.5
1692,6,24,16,1.5
1693,6,24,16,1.5
1694,6,24,16,1.5
1695,6,24,16,1.5
1696,6,24,16,1.5
1697,6,24,16,1.5
1698,6,24,16,1.5
1699,6,24,16,1.5
1700,6,24,16,1.5
1701,6,24,16,1.5
1702,6,24,16,1.5
1703,6,24,16,1.5
1704,6,24,16,1.5
1705,6,24,16,1.5
1706,6,24,16,1.5
1707,6,24,16,1.5
1708,6,24,16,1.5
1709,6,24,16,1.5
1710,6,24,16,1.5
1711,6,24,16,1.5
1712,6,24,16,1.5
1713,6,24,16,1.5
1714,6,24,16,1.5
1715,6,24,16,1.5
1716,6,24,16,1.5
1717,6,24,16,1.5
1718,6,24,16,1.5
1719,6,24,16,1.5
1720,6,24,16,1.5
1721,6,24,16,1.5
1722,6,24,16,1.5
1723,6,24,16,1.5
1724,6,24,16,1.5
1725,6,24,16,1.5
1726,6,24,16,1.5
1727,6,24,16,1.5
1728,6,24,16,1.5
1729,6,24,16,1.5
1730,6,24,16,1.5
1731,6,24,16,1.5
1732,6,24,16,1.5
1733,6,24,16,1.5
1734,6,24,16,1.5
1735,6,24,16,1.5
1736,6,24,16,1.5
1737,6,24,16,1.5
1738,6,24,16,1.5
1739,6,24,16,1.5
1740,6,24,16,1.5
1741,6,24,16,1.5
1742,6,24,16,1.5
1743,6,24,16,1.5
1744,6,24,16,1.5
1745,6,24,16,1.5
1746,6,24,16,1.5
1747,6,24,16,1.5
1748,6,24,16,1.5
1749,6,24,16,1.5
1750,6,24,16,1.5
1751,6,24,16,1.5
1752,6,24,16,1.5
1753,6,24,16,1.5
1754,6,24,16,1.5
1755,6,24,16,1.5
1756,6,24,16,1.5
1757,6,24,16,1.5
1758,6,24,16,1.5
1759,6,24,16,1.5
1760,6,24,16,1.5
1761,6,24,16,1.5
1762,6,24,16,1.5
1763,6,24,16,1.5
1764,6,24,16,1.5
1765,6,24,16,1.5
1766,6,24,16,1.5
1767,6,24,16,1.5
1768,6,24,16,1.5
1769,6,24,16,1.5
1770,6,24,16,1.5
1771,6,24,16,1.5
1772,6,24,16,1.5
1773,6,24,16,1.5
1774,6,24,16,1.5
1775,6,24,16,1.5
1776,6,24,16,1.5
1777,6,24,16,1.5
1778,6,24,16,1.5
1779,6,24,16,1.5
1780,6,24,16,1.5
1781,6,24,16,1.5
1782,6,24,16,1.5
1783,6,24,16,1.5
1784,6,24,16,1.5
1785,6,24,16,1.5
1786,6,24,16,1.5
1787,6,24,16,1.5
1788,6,24,16,1.5
1789,6,24,16,1.5
1790,6,24,16,1.5
1791,6,24,16,1.5
1792,6,24,16,1.5
1793,6,24,16,1.5
1794,6,24,16,1.5
1795,6,24,16,1.5
1796,6,24,16,1.5
1797,6,24,16,1.5
1798,6,24,16,1.5
1799,6,24,16,1.5
1800,6,24,16,1.5
1801,6,24,16,1.5
1802,6,24,16,1.5
1803,6,24,16,1.5
1804,6,24,16,1.5
1805,6,24,16,1.5
1806,6,24,16,1.5
1807,6,24,16,1.5
1808,6,24,16,1.5
1809,6,24,16,1.5
1810,6,24,16,1.5
1811,6,24,16,1.5
1812,6,24,16,1.5
1813,6,24,16,1.5
1814,6,24,16,1.5
1815,6,24,16,1.5
1816,6,24,16,1.5
1817,6,24,16,1.5
1818,6,24,16,1.5
1819,6,24,16,1.5
1820,6,24,16,1.5
1821,6,24,16,1.5
1822,6,24,16,1.5
1823,6,24,16,1.5
1824,6,24,16,1.5
1825,6,24,16,1.5
1826,6,24,16,1.5
1827,6,24,16,1.5
1828,6,24,16,1.5
1829,6,24,16,1.5
1830,6,24,16,1.5
1831,6,24,16,1.5
1832,6,24,16,1.5
1833,6,24,16,1.5
1834,6,24,16,1.5
1835,6,24,16,1.5
1836,6,24,16,1.5
1837,6,24,16,1.5
1838,6,24,16,1.5
1839,6,24,16,1.5
1840,6,24,16,1.5
1841,6,24,16,1.5
1842,6,24,16,1.5
1843,6,24,16,1.5
1844,6,24,16,1.5
1845,6,24,16,1.5
1846,6,24,16,1.5
1847,6,24,16,1.5
1848,6,24,16,1.5
1849,6,24,16,1.5
1850,6,24,16,1.5
1851,6,24,16,1.5
1852,6,24,16,1.5
1853,6,24,16,1.5
1854,6,24,16,1.5
1855,6,24,16,1.5
1856,6,24,16,1.5
1857,6,24,16,1.5
1858,6,24,16,1.5
1859,6,24,16,1.5
1860,6,24,16,1.5
1861,6,24,16,1.5
1862,6,24,16,1.5
1863,6,24,16,1.5
1864,6,24,16,1.5
1865,6,24,16,1.5
1866,6,24,16,1.5
1867,6,24,16,1.5
1868,6,24,16,1.5
1869,6,24,16,1.5
1870,6,24,16,1.5
1871,6,24,16,1.5
1872,6,24,16,1.5
1873,6,24,16,1.5
1874,6,24,16,1.5
1875,6,24,16,1.5
1876,6,24,16,1.5
1877,6,24,16,1.5
1878,6,24,16,1.5
1879,6,24,16,1.5
1880,6,24,16,1.5
1881,6,24,16,1.5
1882,6,24,16,1.5
1883,6,24,16,1.5
1884,6,24,16,1.5
1885,6,24,16,1.5
1886,6,24,16,1.5
1887,6,24,16,1.5
1888,6,24,16,1.5
1889,6,24,16,1.5
1890,6,24,16,1.5
1891,6,24,16,1.5
1892,6,24,16,1.5
1893,6,24,16,1.5
1894,6,24,16,1.5
1895,6,24,16,1.5
1896,6,24,16,1.5
1897,6,24,16,1.5
1898,6,24,16,1.5
1899,6,24,16,1.5
1900,6,24,16,1.5
1901,6,24,16,1.5
1902,6,24,16,1.5
1903,6,24,16,1.5
1904,6,24,16,1.5
1905,6,24,16,1.5
1906,6,24,16,1.5
1907,6,24,16,1.5
1908,6,24,16,1.5
1909,6,24,16,1.5
1910,6,24,16,1.5
1911,6,24,16,1.5
1912,6,24,16,1.5
1913,6,24,16,1.5
1914,6,24,16,1.5
1915,6,24,16,1.5
1916,6,24,16,1.5
1917,6,24,16,1.5
1918,6,24,16,1.5
1919,6,24,16,1.5
1920,6,24,16,1.5
1921,6,24,16,1.5
1922,6,24,16,1.5
1923,6,24,16,1.5
1924,6,24,16,1.5
1925,6,24,16,1.5
1926,6,24,16,1.5
1927,6,24,16,1.5
1928,6,24,16,1.5
1929,6,24,16,1.5
1930,6,24,16,1.5
1931,6,24,16,1.5
1932,6,24,16,1.5
1933,6,24,16,1.5
1934,6,24,16,1.5
1935,6,24,16,1.5
1936,6,24,16,1.5
1937,6,24,16,1.5
1938,6,24,16,1.5
1939,6,24,16,1.5
1940,6,24,16,1.5
1941,6,24,16,1.5
1942,6,24,16,1.5
1943,6,24,16,1.5
1944,6,24,16,1.5
1945,6,24,16,1.5
1946,6,24,16,1.5
1947,6,24,16,1.5
1948,6,24,16,1.5
1949,6,24,16,1.5
1950,6,24,16,1.5
1951,6,24,16,1.5
1952,6,24,16,1.5
1953,6,24,16,1.5
1954,6,24,16,1.5
1955,6,24,16,1.5
1956,6,24,16,1.5
1957,6,24,16,1.5
1958,6,24,16,1.5
1959,6,24,16,1.5
1960,6,24,16,1.5
1961,6,24,16,1.5
1962,6,24,16,1.5
1963,6,24,16,1.5
1964,6,24,16,1.5
1965,6,24,16,1.5
1966,6,24,16,1.5
1967,6,24,16,1.5
1968,6,24,16,1.5
1969,6,24,16,1.5
1970,6,24,16,1.5
1971,6,24,16,1.5
1972,6,24,16,1.5
1973,6,24,16,1.5
1974,6,24,16,1.5
1975,6,24,16,1.5
1976,6,24,16,1.5
1977,6,24,16,1.5
1978,6,24,16,1.5
1979,6,24,16,1.5
1980,6,24,16,1.5
1981,6,24,16,1.5
1982,6,24,16,1.5
1983,6,24,16,1.5
1984,6,24,16,1.5
1985,6,24,16,1.5
1986,6,24,16,1.5
1987,6,24,16,1.5
1988,6,24,16,1.5
1989,6,24,16,1.5
1990,6,24,16,1.5
1991,6,24,16,1.5
1992,6,24,16,1.5
1993,6,24,16,1.5
1994,6,24,16,1.5
1995,6,24,16,1.5
1996,6,24,16,1.5
1997,6,24,16,1.5
1998,6,24,16,1.5
1999,6,24,16,1.5
2000,6,24,16,1.5
2001,6,24,16,1.5
2002,6,24,16,1.5
2003,6,24,16,1.5
2004,6,24,16,1.5
2005,6,24,16,1.5
2006,6,24,16,1.5
2007,6,24,16,1.5
2008,6,24,16,1.5
2009,6,24,16,1.5
2010,6,24,16,1.5
2011,6,24,16,1.5
2012,6,24,16,1.5
2013,6,24,16,1.5
2014,6,24,16,1.5
2015,6,24,16,1.5
2016,6,24,16,1.5
2017,6,24,16,1.5
2018,6,24,16,1.5
2019,6,24,16,1.5
2020,6,24,16,1.5
2021,6,24,16,1.5
2022,6,24,16,1.5
2023,6,24,16,1.5
2024,6,24,16,1.5
2025,6,24,16,1.5
2026,6,24,16,1.5
2027,6,24,16,1.5
2028,6,24,16,1.5
2029,6,24,16,1.5
2030,6,24,16,1.5
2031,6,24,16,1.5
2032,6,24,16,1.5
2033,6,24,16,1.5
2034,6,24,16,1.5
2035,6,24,16,1.5
2036,6,24,16,1.5
2037,6,24,16,1.5
2038,6,24,16,1.5
2039,6,24,16,1.5
2040,6,24,16,1.5
2041,6,24,16,1.5
2042,6,24,16,1.5
2043,6,24,16,1.5
2044,6,24,16,1.5
2045,6,24,16,1.5
2046,6,24,16,1.5
2047,6,24,16,1.5
2048,6,24,16,1.5
2049,6,24,16,1.5
2050,6,24,16,1.5
2051,6,24,16,1.5
2052,6,24,16,1.5
2053,6,24,16,1.5
2054,6,24,16,1.5
2055,6,24,16,1.5
2056,6,24,16,1.5
2057,6,24,16,1.5
2058,6,24,16,1.5
2059,6,24,16,1.5
2060,6,24,16,1.5
2061,6,24,16,1.5
2062,6,24,16,1.5
2063,6,24,16,1.5
2064,6,24,16,1.5
2065,6,24,16,1.5
2066,6,24,16,1.5
2067,6,24,16,1.5
2068,6,24,16,1.5
2069,6,24,16,1.5
2070,6,24,16,1.5
2071,6,24,16,1.5
2072,6,24,16,1.5
2073,6,24,16,1.5
2074,6,24,16,1.5
2075,6,24,16,1.5
2076,6,24,16,1.5
2077,6,24,16,1.5
2078,6,24,16,1.5
2079,6,24,16,1.5
2080,6,24,16,1.5
2081,6,24,16,1.5
2082,6,24,16,1.5
2083,6,24,16,1.5
2084,6,24,16,1.5
2085,6,24,16,1.5
2086,6,24,16,1.5
2087,6,24,16,1.5
2088,6,24,16,1.5
2089,6,24,16,1.5
2090,6,24,16,1.5
2091,6,24,16,1.5
2092,6,24,16,1.5
2093,6,24,16,1.5
2094,6,24,16,1.5
2095,6,24,16,1.5
2096,6,24,16,1.5
2097,6,24,16,1.5
2098,6,24,16,1.5
2099,6,24,16,1.5
2100,6,24,16,1.5
2101,6,24,16,1.5
2102,6,24,16,1.5
2103,6,24,16,1.5
2104,6,24,16,1.5
2105,6,24,16,1.5
2106,6,24,16,1.5
2107,6,24,16,1.5
2108,6,24,16,1.5
2109,6,24,16,1.5
2110,6,24,16,1.5
2111,6,24,16,1.5
2112,6,24,16,1.5
2113,6,24,16,1.5
2114,6,24,16,1.5
2115,6,24,16,1.5
2116,6,24,16,1.5
2117,6,24,16,1.5
2118,6,24,16,1.5
2119,6,24,16,1.5
2120,6,24,16,1.5
2121,6,24,16,1.5
2122,6,24,16,1.5
2123,6,24,16,1.5
2124,6,24,16,1.5
2125,6,24,16,1.5
2126,6,24,16,1.5
2127,6,24,16,1.5
2128,6,24,16,1.5
2129,6,24,16,1.5
2130,6,24,16,1.5
2131,6,24,16,1.5
2132,6,24,16,1.5
2133,6,24,16,1.5
2134,6,24,16,1.5
2135,6,24,16,1.5
2136,6,24,16,1.5
2137,6,24,16,1.5
2138,6,24,16,1.5
2139,6,24,16,1.5
2140,6,24,16,1.5
2141,6,24,16,1.5
2142,6,24,16,1.5
2143,6,24,16,1.5
2144,6,24,16,1.5
2145,6,24,16,1.5
2146,6,24,16,1.5
2147,6,24,16,1.5
2148,6,24,16,1.5
2149,6,24,16,1.5
2150,6,24,16,1.5
2151,6,24,16,1.5
2152,6,24,16,1.5
2153,6,24,16,1.5
2154,6,24,16,1.5
2155,6,24,16,1.5
2156,6,24,16,1.5
2157,6,24,16,1.5
2158,6,24,16,1.5
2159,6,24,16,1.5
2160,6,24,16,1.5
2161,6,24,16,1.5
2162,6,24,16,1.5
2163,6,24,16,1.5
2164,6,24,16,1.5
2165,6,24,16,1.5
2166,6,24,16,1.5
2167,6,24,16,1.5
2168,6,24,16,1.5
2169,6,24,16,1.5
2170,6,24,16,1.5
2171,6,24,16,1.5
2172,6,24,16,1.5
2173,6,24,16,1.5
2174,6,24,16,1.5
2175,6,24,16,1.5
2176,6,24,16,1.5
2177,6,24,16,1.5
2178,6,24,16,1.5
2179,6,24,16,1.5
2180,6,24,16,1.5
2181,6,24,16,1.5
2182,6,24,16,1.5
2183,6,24,16,1.5
2184,6,24,16,1.5
2185,6,24,16,1.5
2186,6,24,16,1.5
2187,6,24,16,1.5
2188,6,24,16,1.5
2189,6,24,16,1.5
2190,6,24,16,1.5
2191,6,24,16,1.5
2192,6,24,16,1.5
2193,6,24,16,1.5
2194,6,24,16,1.5
2195,6,24,16,1.5
2196,6,24,16,1.5
2197,6,24,16,1.5
2198,6,24,16,1.5
2199,6,24,16,1.5
2200,6,24,16,1.5
2201,6,24,16,1.5
2202,6,24,16,1.5
2203,6,24,16,1.5
2204,6,24,16,1.5
2205,6,24,16,1.5
2206,6,24,16,1.5
2207,6,24,16,1.5
2208,6,24,16,1.5
2209,6,24,16,1.5
2210,6,24,16,1.5
2211,6,24,16,1.5
2212,6,24,16,1.5
2213,6,24,16,1.5
2214,6,24,16,1.5
2215,6,24,16,1.5
2216,6,24,16,1.5
2217,6,24,16,1.5
2218,6,24,16,1.5
2219,6,24,16,1.5
2220,6,24,16,1.5
2221,6,24,16,1.5
2222,6,24,16,1.5
2223,6,24,16,1.5
2224,6,24,16,1.5
2225,6,24,16,1.5
2226,6,24,16,1.5
2227,6,24,16,1.5
2228,6,24,16,1.5
2229,6,24,16,1.5
2230,6,24,16,1.5
2231,6,24,16,1.5
2232,6,24,16,1.5
2233,6,24,16,1.5
2234,6,24,16,1.5
2235,6,24,16,1.5
2236,6,24,16,1.5
2237,6,24,16,1.5
2238,6,24,16,1.5
2239,6,24,16,1.5
2240,6,24,16,1.5
2241,6,24,16,1.5
2242,6,24,16,1.5
2243,6,24,16,1.5
2244,6,24,16,1.5
2245,6,24,16,1.5
2246,6,24,16,1.5
2247,6,24,16,1.5
2248,6,24,16,1.5
2249,6,24,16,1.5
2250,6,24,16,1.5
2251,6,24,16,1.5
2252,6,24,16,1.5
2253,6,24,16,1.5
2254,6,24,16,1.5
2255,6,24,16,1.5
2256,6,24,16,1.5
2257,6,24,16,1.5
2258,6,24,16,1.5
2259,6,24,16,1.5
2260,6,24,16,1.5
2261,6,24,16,1.5
2262,6,24,16,1.5
2263,6,24,16,1.5
2264,6,24,16,1.5
2265,6,24,16,1.5
2266,6,24,16,1.5
2267,6,24,16,1.5
2268,6,24,16,1.5
2269,6,24,16,1.5
2270,6,24,16,1.5
2271,6,24,16,1.5
2272,6,24,16,1.5
2273,6,24,16,1.5
2274,6,24,16,1.5
2275,6,24,16,1.5
2276,6,24,16,1.5
2277,6,24,16,1.5
2278,6,24,16,1.5
2279,6,24,16,1.5
2280,6,24,16,1.5
2281,6,24,16,1.5
2282,6,24,16,1.5
2283,6,24,16,1.5
2284,6,24,16,1.5
2285,6,24,16,1.5
2286,6,24,16,1.5
2287,6,24,16,1.5
2288,6,24,16,1.5
2289,6,24,16,1.5
2290,6,24,16,1.5
2291,6,24,16,1.5
2292,6,24,16,1.5
2293,6,24,16,1.5
2294,6,24,16,1.5
2295,6,24,16,1.5
2296,6,24,16,1.5
2297,6,24,16,1.5
2298,6,24,16,1.5
2299,6,24,16,1.5
2300,6,24,16,1.5
2301,6,24,16,1.5
2302,6,24,16,1.5
2303,6,24,16,1.5
2304,6,24,16,1.5
2305,6,24,16,1.5
2306,6,24,16,1.5
2307,6,24,16,1.5
2308,6,24,16,1.5
2309,6,24,16,1.5
2310,6,24,16,1.5
2311,6,24,16,1.5
2312,6,24,16,1.5
2313,6,24,16,1.5
2314,6,24,16,1.5
2315,6,24,16,1.5
2316,6,24,16,1.5
2317,6,24,16,1.5
2318,6,24,16,1.5
2319,6,24,16,1.5
2320,6,24,16,1.5
2321,6,24,16,1.5
2322,6,24,16,1.5
2323,6,24,16,1.5
2324,6,24,16,1.5
2325,6,24,16,1.5
2326,6,24,16,1.5
2327,6,24,16,1.5
2328,6,24,16,1.5
2329,6,24,16,1.5
2330,6,24,16,1.5
2331,6,24,16,1.5
2332,6,24,16,1.5
2333,6,24,16,1.5
2334,6,24,16,1.5
2335,6,24,16,1.5
2336,6,24,16,1.5
2337,6,24,16,1.5
2338,6,24,16,1.5
2339,6,24,16,1.5
2340,6,24,16,1.5
2341,6,24,16,1.5
2342,6,24,16,1.5
2343,6,24,16,1.5
2344,6,24,16,1.5
2345,6,24,16,1.5
2346,6,24,16,1.5
2347,6,24,16,1.5
2348,6,24,16,1.5
2349,6,24,16,1.5
2350,6,24,16,1.5
2351,6,24,16,1.5
2352,6,24,16,1.5
2353,6,24,16,1.5
2354,6,24,16,1.5
2355,6,24,16,1.5
2356,6,24,16,1.5
2357,6,24,16,1.5
2358,6,24,16,1.5
2359,6,24,16,1.5
2360,6,24,16,1.5
2361,6,24,16,1.5
2362,6,24,16,1.5
2363,6,24,16,1.5
2364,6,24,16,1.5
2365,6,24,16,1.5
2366,6,24,16,1.5
2367,6,24,16,1.5
2368,6,24,16,1.5
2369,6,24,16,1.5
2370,6,24,16,1.5
2371,6,24,16,1.5
2372,6,24,16,1.5
2373,6,24,16,1.5
2374,6,24,16,1.5
2375,6,24,16,1.5
2376,6,24,16,1.5
2377,6,24,16,1.5
2378,6,24,16,1.5
2379,6,24,16,1.5
2380,6,24,16,1.5
2381,6,24,16,1.5
2382,6,24,16,1.5
2383,6,24,16,1.5
2384,6,24,16,1.5
2385,6,24,16,1.5
2386,6,24,16,1.5
2387,6,24,16,1.5
2388,6,24,16,1.5
2389,6,24,16,1.5
2390,6,24,16,1.5
2391,6,24,16,1.5
2392,6,24,16,1.5
2393,6,24,16,1.5
2394,6,24,16,1.5
2395,6,24,16,1.5
2396,6,24,16,1.5
2397,6,24,16,1.5
2398,6,24,16,1.5
2399,6,24,16,1.5
2400,6,24,16,1.5
2401,6,24,16,1.5
2402,6,24,16,1.5
2403,6,24,16,1.5
2404,6,24,16,1.5
2405,6,24,16,1.5
2406,6,24,16,1.5
2407,6,24,16,1.5
2408,6,24,16,1.5
2409,6,24,16,1.5
2410,6,24,16,1.5
2411,6,24,16,1.5
2412,6,24,16,1.5
2413,6,24,16,1.5
2414,6,24,16,1.5
2415,6,24,16,1.5
2416,6,24,16,1.5
2417,6,24,16,1.5
2418,6,24,16,1.5
2419,6,24,16,1.5
2420,6,24,16,1.5
2421,6,24,16,1.5
2422,6,24,16,1.5
2423,6,24,16,1.5
2424,6,24,16,1.5
2425,6,24,16,1.5
2426,6,24,16,1.5
2427,6,24,16,1.5
2428,6,24,16,1.5
2429,6,24,16,1.5
2430,6,24,16,1.5
2431,6,24,16,1.5
2432,6,24,16,1.5
2433,6,24,16,1.5
2434,6,24,16,1.5
2435,6,24,16,1.5
2436,6,24,16,1.5
2437,6,24,16,1.5
2438,6,24,16,1.5
2439,6,24,16,1.5
2440,6,24,16,1.5
2441,6,24,16,1.5
2442,6,24,16,1.5
2443,6,24,16,1.5
2444,6,24,16,1.5
2445,6,24,16,1.5
2446,6,24,16,1.5
2447,6,24,16,1.5
2448,6,24,16,1.5
2449,6,24,16,1.5
2450,6,24,16,1.5
2451,6,24,16,1.5
2452,6,24,16,1.5
2453,6,24,16,1.5
2454,6,24,16,1.5
2455,6,24,16,1.5
2456,6,24,16,1.5
2457,6,24,16,1.5
2458,6,24,16,1.5
2459,6,24,16,1.5
2460,6,24,16,1.5
2461,6,24,16,1.5
2462,6,24,16,1.5
2463,6,24,16,1.5
2464,6,24,16,1.5
2465,6,24,16,1.5
2466,6,24,16,1.5
2467,6,24,16,1.5
2468,6,24,16,1.5
2469,6,24,16,1.5
2470,6,24,16,1.5
2471,6,24,16,1.5
2472,6,24,16,1.5
2473,6,24,16,1.5
2474,6,24,16,1.5
2475,6,24,16,1.5
2476,6,24,16,1.5
2477,6,24,16,1.5
2478,6,24,16,1.5
2479,6,24,16,1.5
2480,6,24,16,1.5
2481,6,24,16,1.5
2482,6,24,16,1.5
2483,6,24,16,1.5
2484,6,24,16,1.5
2485,6,24,16,1.5
2486,6,24,16,1.5
2487,6,24,16,1.5
2488,6,24,16,1.5
2489,6,24,16,1.5
2490,6,24,16,1.5
2491,6,24,16,1.5
2492,6,24,16,1.5
2493,6,24,16,1.5
2494,6,24,16,1.5
2495,6,24,16,1.5
2496,6,24,16,1.5
2497,6,24,16,1.5
2498,6,24,16,1.5
2499,6,24,16,1.5
2500,6,24,16,1.5
2501,6,24,16,1.5
2502,6,24,16,1.5
2503,6,24,16,1.5
2504,6,24,16,1.5
2505,6,24,16,1.5
2506,6,24,16,1.5
2507,6,24,16,1.5
2508,6,24,16,1.5
2509,6,24,16,1.5
2510,6,24,16,1.5
2511,6,24,16,1.5
2512,6,24,16,1.5
2513,6,24,16,1.5
2514,6,24,16,1.5
2515,6,24,16,1.5
2516,6,24,16,1.5
2517,6,24,16,1.5
2518,6,24,16,1.5
2519,6,24,16,1.5
2520,6,24,16,1.5
2521,6,24,16,1.5
2522,6,24,16,1.5
2523,6,24,16,1.5
2524,6,24,16,1.5
2525,6,24,16,1.5
2526,6,24,16,1.5
2527,6,24,16,1.5
2528,6,24,16,1.5
2529,6,24,16,1.5
2530,6,24,16,1.5
2531,6,24,16,1.5
2532,6,24,16,1.5
2533,6,24,16,1.5
2534,6,24,16,1.5
2535,6,24,16,1.5
2536,6,24,16,1.5
2537,6,24,16,1.5
2538,6,24,16,1.5
2539,6,24,16,1.5
2540,6,24,16,1.5
2541,6,24,16,1.5
2542,6,24,16,1.5
2543,6,24,16,1.5
2544,6,24,16,1.5
2545,6,24,16,1.5
2546,6,24,16,1.5
2547,6,24,16,1.5
2548,6,24,16,1.5
2549,6,24,16,1.5
2550,6,24,16,1.5
2551,6,24,16,1.5
2552,6,24,16,1.5
2553,6,24,16,1.5
2554,6,24,16,1.5
2555,6,24,16,1.5
2556,6,24,16,1.5
2557,6,24,16,1.5
2558,6,24,16,1.5
2559,6,24,16,1.5
2560,6,24,16,1.5
2561,6,24,16,1.5
2562,6,24,16,1.5
2563,6,24,16,1.5
2564,6,24,16,1.5
2565,6,24,16,1.5
2566,6,24,16,1.5
2567,6,24,16,1.5
2568,6,24,16,1.5
2569,6,24,16,1.5
2570,6,24,16,1.5
2571,6,24,16,1.5
2572,6,24,16,1.5
2573,6,24,16,1.5
2574,6,24,16,1.5
2575,6,24,16,1.5
2576,6,24,16,1.5
2577,6,24,16,1.5
2578,6,24,16,1.5
2579,6,24,16,1.5
2580,6,24,16,1.5
2581,6,24,16,1.5
2582,6,24,16,1.5
2583,6,24,16,1.5
2584,6,24,16,1.5
2585,6,24,16,1.5
2586,6,24,16,1.5
2587,6,24,16,1.5
2588,6,24,16,1.5
2589,6,24,16,1.5
2590,6,24,16,1.5
2591,6,24,16,1.5
2592,6,24,16,1.5
2593,6,24,16,1.5
2594,6,24,16,1.5
2595,6,24,16,1.5
2596,6,24,16,1.5
2597,6,24,16,1.5
2598,6,24,16,1.5
2599,6,24,16,1.5
2600,6,24,16,1.5
2601,6,24,16,1.5
2602,6,24,16,1.5
2603,6,24,16,1.5
2604,6,24,16,1.5
2605,6,24,16,1.5
2606,6,24,16,1.5
2607,6,24,16,1.5
2608,6,24,16,1.5
2609,6,24,16,1.5
2610,6,24,16,1.5
2611,6,24,16,1.5
2612,6,24,16,1.5
2613,6,24,16,1.5
2614,6,24,16,1.5
2615,6,24,16,1.5
2616,6,24,16,1.5
2617,6,24,16,1.5
2618,6,24,16,1.5
2619,6,24,16,1.5
2620,6,24,16,1.5
2621,6,24,16,1.5
2622,6,24,16,1.5
2623,6,24,16,1.5
2624,6,24,16,1.5
2625,6,24,16,1.5
2626,6,24,16,1.5
2627,6,24,16,1.5
2628,6,24,16,1.5
2629,6,24,16,1.5
2630,6,24,16,1.5
2631,6,24,16,1.5
2632,6,24,16,1.5
2633,6,24,16,1.5
2634,6,24,16,1.5
2635,6,24,16,1.5
2636,6,24,16,1.5
2637,6,24,16,1.5
2638,6,24,16,1.5
2639,6,24,16,1.5
2640,6,24,16,1.5
2641,6,24,16,1.5
2642,6,24,16,1.5
2643,6,24,16,1.5
2644,6,24,16,1.5
2645,6,24,16,1.5
2646,6,24,16,1.5
2647,6,24,16,1.5
2648,6,24,16,1.5
2649,6,24,16,1.5
2650,6,24,16,1.5
2651,6,24,16,1.5
2652,6,24,16,1.5
2653,6,24,16,1.5
2654,6,24,16,1.5
2655,6,24,16,1.5
2656,6,24,16,1.5
2657,6,24,16,1.5
2658,6,24,16,1.5
2659,6,24,16,1.5
2660,6,24,16,1.5
2661,6,24,16,1.5
2662,6,24,16,1.5
2663,6,24,16,1.5
2664,6,24,16,1.5
2665,6,24,16,1.5
2666,6,24,16,1.5
2667,6,24,16,1.5
2668,6,24,16,1.5
2669,6,24,16,1.5
2670,6,24,16,1.5
2671,6,24,16,1.5
2672,6,24,16,1.5
2673,6,24,16,1.5
2674,6,24,16,1.5
2675,6,24,16,1.5
2676,6,24,16,1.5
2677,6,24,16,1.5
2678,6,24,16,1.5
2679,6,24,16,1.5
2680,6,24,16,1.5
2681,6,24,16,1.5
2682,6,24,16,1.5
2683,6,24,16,1.5
2684,6,24,16,1.5
2685,6,24,16,1.5
2686,6,24,16,1.5
2687,6,24,16,1.5
2688,6,24,16,1.5
2689,6,24,16,1.5
2690,6,24,16,1.5
2691,6,24,16,1.5
2692,6,24,16,1.5
2693,6,24,16,1.5
2694,6,24,16,1.5
2695,6,24,16,1.5
2696,6,24,16,1.5
2697,6,24,16,1.5
2698,6,24,16,1.5
2699,6,24,16,1.5
2700,6,24,16,1.5
2701,6,24,16,1.5
2702,6,24,16,1.5
2703,6,24,16,1.5
2704,6,24,16,1.5
2705,6,24,16,1.5
2706,6,24,16,1.5
2707,6,24,16,1.5
2708,6,24,16,1.5
2709,6,24,16,1.5
2710,6,24,16,1.5
2711,6,24,16,1.5
2712,6,24,16,1.5
2713,6,24,16,1.5
2714,6,24,16,1.5
2715,6,24,16,1.5
2716,6,24,16,1.5
2717,6,24,16,1.5
2718,6,24,16,1.5
2719,6,24,16,1.5
2720,6,24,16,1.5
2721,6,24,16,1.5
2722,6,24,16,1.5
2723,6,24,16,1.5
2724,6,24,16,1.5
2725,6,24,16,1.5
2726,6,24,16,1.5
2727,6,24,16,1.5
2728,6,24,16,1.5
2729,6,24,16,1.5
2730,6,24,16,1.5
2731,6,24,16,1.5
2732,6,24,16,1.5
2733,6,24,16,1.5
2734,6,24,16,1.5
2735,6,24,16,1.5
2736,6,24,16,1.5
2737,6,24,16,1.5
2738,6,24,16,1.5
2739,6,24,16,1.5
2740,6,24,16,1.5
2741,6,24,16,1.5
2742,6,24,16,1.5
2743,6,24,16,1.5
2744,6,24,16,1.5
2745,6,24,16,1.5
2746,6,24,16,1.5
2747,6,24,16,1.5
2748,6,24,16,1.5
2749,6,24,16,1.5
2750,6,24,16,1.5
2751,6,24,16,1.5
2752,6,24,16,1.5
2753,6,24,16,1.5
2754,6,24,16,1.5
2755,6,24,16,1.5
2756,6,24,16,1.5
2757,6,24,16,1.5
2758,6,24,16,1.5
2759,6,24,16,1.5
2760,6,24,16,1.5
2761,6,24,16,1.5
2762,6,24,16,1.5
2763,6,24,16,1.5
2764,6,24,16,1.5
2765,6,24,16,1.5
2766,6,24,16,1.5
2767,6,24,16,1.5
2768,6,24,16,1.5
2769,6,24,16,1.5
2770,6,24,16,1.5
2771,6,24,16,1.5
2772,6,24,16,1.5
2773,6,24,16,1.5
2774,6,24,16,1.5
2775,6,24,16,1.5
2776,6,24,16,1.5
2777,6,24,16,1.5
2778,6,24,16,1.5
2779,6,24,16,1.5
2780,6,24,16,1.5
2781,6,24,16,1.5
2782,6,24,16,1.5
2783,6,24,16,1.5
2784,6,24,16,1.5
2785,6,24,16,1.5
2786,6,24,16,1.5
2787,6,24,16,1.5
2788,6,24,16,1.5
2789,6,24,16,1.5
2790,6,24,16,1.5
2791,6,24,16,1.5
2792,6,24,16,1.5
2793,6,24,16,1.5
2794,6,24,16,1.5
2795,6,24,16,1.5
2796,6,24,16,1.5
2797,6,24,16,1.5
2798,6,24,16,1.5
2799,6,24,16,1.5
2800,6,24,16,1.5
2801,6,24,16,1.5
2802,6,24,16,1.5
2803,6,24,16,1.5
2804,6,24,16,1.5
2805,6,24,16,1.5
2806,6,24,16,1.5
2807,6,24,16,1.5
2808,6,24,16,1.5
2809,6,24,16,1.5
2810,6,24,16,1.5
2811,6,24,16,1.5
2812,6,24,16,1.5
2813,6,24,16,1.5
2814,6,24,16,1.5
2815,6,24,16,1.5
2816,6,24,16,1.5
2817,6,24,16,1.5
2818,6,24,16,1.5
2819,6,24,16,1.5
2820,6,24,16,1.5
2821,6,24,16,1.5
2822,6,24,16,1.5
2823,6,24,16,1.5
2824,6,24,16,1.5
2825,6,24,16,1.5
2826,6,24,16,1.5
2827,6,24,16,1.5
2828,6,24,16,1.5
2829,6,24,16,1.5
2830,6,24,16,1.5
2831,6,24,16,1.5
2832,6,24,16,1.5
2833,6,24,16,1.5
2834,6,24,16,1.5
2835,6,24,16,1.5
2836,6,24,16,1.5
2837,6,24,16,1.5
2838,6,24,16,1.5
2839,6,24,16,1.5
2840,6,24,16,1.5
2841,6,24,16,1.5
2842,6,24,16,1.5
2843,6,24,16,1.5
2844,6,24,16,1.5
2845,6,24,16,1.5
2846,6,24,16,1.5
2847,6,24,16,1.5
2848,6,24,16,1.5
2849,6,24,16,1.5
2850,6,24,16,1.5
2851,6,24,16,1.5
2852,6,24,16,1.5
2853,6,24,16,1.5
2854,6,24,16,1.5
2855,6,24,16,1.5
2856,6,24,16,1.5
2857,6,24,16,1.5
2858,6,24,16,1.5
2859,6,24,16,1.5
2860,6,24,16,1.5
2861,6,24,16,1.5
2862,6,24,16,1.5
2863,6,24,16,1.5
2864,6,24,16,1.5
2865,6,24,16,1.5
2866,6,24,16,1.5
2867,6,24,16,1.5
2868,6,24,16,1.5
2869,6,24,16,1.5
2870,6,24,16,1.5
2871,6,24,16,1.5
2872,6,24,16,1.5
2873,6,24,16,1.5
2874,6,24,16,1.5
2875,6,24,16,1.5
2876,6,24,16,1.5
2877,6,24,16,1.5
2878,6,24,16,1.5
2879,6,24,16,1.5
2880,6,24,16,1.5
2881,6,24,16,1.5
2882,6,24,16,1.5
2883,6,24,16,1.5
2884,6,24,16,1.5
2885,6,24,16,1.5
2886,6,24,16,1.5
2887,6,24,16,1.5
2888,6,24,16,1.5
2889,6,24,16,1.5
2890,6,24,16,1.5
2891,6,24,16,1.5
2892,6,24,16,1.5
2893,6,24,16,1.5
2894,6,24,16,1.5
2895,6,24,16,1.5
2896,6,24,16,1.5
2897,6,24,16,1.5
2898,6,24,16,1.5
2899,6,24,16,1.5
2900,6,24,16,1.5
2901,6,24,16,1.5
2902,6,24,16,1.5
2903,6,24,16,1.5
2904,6,24,16,1.5
2905,6,24,16,1.5
2906,6,24,16,1.5
2907,6,24,16,1.5
2908,6,24,16,1.5
2909,6,24,16,1.5
2910,6,24,16,1.5
2911,6,24,16,1.5
2912,6,24,16,1.5
2913,6,24,16,1.5
2914,6,24,16,1.5
2915,6,24,16,1.5
2916,6,24,16,1.5
2917,6,24,16,1.5
2918,6,24,16,1.5
2919,6,24,16,1.5
2920,6,24,16,1.5
2921,6,24,16,1.5
2922,6,24,16,1.5
2923,6,24,16,1.5
2924,6,24,16,1.5
2925,6,24,16,1.5
2926,6,24,16,1.5
2927,6,24,16,1.5
2928,6,24,16,1.5
2929,6,24,16,1.5
2930,6,24,16,1.5
2931,6,24,16,1.5
2932,6,24,16,1.5
2933,6,24,16,1.5
2934,6,24,16,1.5
2935,6,24,16,1.5
2936,6,24,16,1.5
2937,6,24,16,1.5
2938,6,24,16,1.5
2939,6,24,16,1.5
2940,6,24,16,1.5
2941,6,24,16,1.5
2942,6,24,16,1.5
2943,6,24,16,1.5
2944,6,24,16,1.5
2945,6,24,16,1.5
2946,6,24,16,1.5
2947,6,24,16,1.5
2948,6,24,16,1.5
2949,6,24,16,1.5
2950,6,24,16,1.5
2951,6,24,16,1.5
2952,6,24,16,1.5
2953,6,24,16,1.5
2954,6,24,16,1.5
2955,6,24,16,1.5
2956,6,24,16,1.5
2957,6,24,16,1.5
2958,6,24,16,1.5
2959,6,24,16,1.5
2960,6,24,16,1.5
2961,6,24,16,1.5
2962,6,24,16,1.5
2963,6,24,16,1.5
2964,6,24,16,1.5
2965,6,24,16,1.5
2966,6,24,16,1.5
2967,6,24,16,1.5
2968,6,24,16,1.5
2969,6,24,16,1.5
2970,6,24,16,1.5
2971,6,24,16,1.5
2972,6,24,16,1.5
2973,6,24,16,1.5
2974,6,24,16,1.5
2975,6,24,16,1.5
2976,6,24,16,1.5
2977,6,24,16,1.5
2978,6,24,16,1.5
2979,6,24,16,1.5
2980,6,24,16,1.5
2981,6,24,16,1.5
2982,6,24,16,1.5
2983,6,24,16,1.5
2984,6,24,16,1.5
2985,6,24,16,1.5
2986,6,24,16,1.5
2987,6,24,16,1.5
2988,6,24,16,1.5
2989,6,24,16,1.5
2990,6,24,16,1.5
2991,6,24,16,1.5
2992,6,24,16,1.5
2993,6,24,16,1.5
2994,6,24,16,1.5
2995,6,24,16,1.5
2996,6,24,16,1.5
2997,6,24,16,1.5
2998,6,24,16,1.5
2999,6,24,16,1.5
3000,6,24,16,1.5
3001,6,24,16,1.5
3002,6,24,16,1.5
3003,6,24,16,1.5
3004,6,24,16,1.5
3005,6,24,16,1.5
3006,6,24,16,1.5
3007,6,24,16,1.5
3008,6,24,16,1.5
3009,6,24,16,1.5
3010,6,24,16,1.5
3011,6,24,16,1.5
3012,6,24,16,1.5
3013,6,24,16,1.5
3014,6,24,16,1.5
3015,6,24,16,1.5
3016,6,24,16,1.5
3017,6,24,16,1.5
3018,6,24,16,1.5
3019,6,24,16,1.5
3020,6,24,16,1.5
3021,6,24,16,1.5
3022,6,24,16,1.5
3023,6,24,16,1.5
3024,6,24,16,1.5
3025,6,24,16,1.5
3026,6,24,16,1.5
3027,6,24,16,1.5
3028,6,24,16,1.5
3029,6,24,16,1.5
3030,6,24,16,1.5
3031,6,24,16,1.5
3032,6,24,16,1.5
3033,6,24,16,1.5
3034,6,24,16,1.5
3035,6,24,16,1.5
3036,6,24,16,1.5
3037,6,24,16,1.5
3038,6,24,16,1.5
3039,6,24,16,1.5
3040,6,24,16,1.5
3041,6,24,16,1.5
3042,6,24,16,1.5
3043,6,24,16,1.5
3044,6,24,16,1.5
3045,6,24,16,1.5
3046,6,24,16,1.5
3047,6,24,16,1.5
3048,6,24,16,1.5
3049,6,24,16,1.5
3050,6,24,16,1.5
3051,6,24,16,1.5
3052,6,24,16,1.5
3053,6,24,16,1.5
3054,6,24,16,1.5
3055,6,24,16,1.5
3056,6,24,16,1.5
3057,6,24,16,1.5
3058,6,24,16,1.5
3059,6,24,16,1.5
3060,6,24,16,1.5
3061,6,24,16,1.5
3062,6,24,16,1.5
3063,6,24,16,1.5
3064,6,24,16,1.5
3065,6,24,16,1.5
3066,6,24,16,1.5
3067,6,24,16,1.5
3068,6,24,16,1.5
3069,6,24,16,1.5
3070,6,24,16,1.5
3071,6,24,16,1.5
3072,6,24,16,1.5
3073,6,24,16,1.5
3074,6,24,16,1.5
3075,6,24,16,1.5
3076,6,24,16,1.5
3077,6,24,16,1.5
3078,6,24,16,1.5
3079,6,24,16,1.5
3080,6,24,16,1.5
3081,6,24,16,1.5
3082,6,24,16,1.5
3083,6,24,16,1.5
3084,6,24,16,1.5
3085,6,24,16,1.5
3086,6,24,16,1.5
3087,6,24,16,1.5
3088,6,24,16,1.5
3089,6,24,16,1.5
3090,6,24,16,1.5
3091,6,24,16,1.5
3092,6,24,16,1.5
3093,6,24,16,1.5
3094,6,24,16,1.5
3095,6,24,16,1.5
3096,6,24,16,1.5
3097,6,24,16,1.5
3098,6,24,16,1.5
3099,6,24,16,1.5
3100,6,24,16,1.5
3101,6,24,16,1.5
3102,6,24,16,1.5
3103,6,24,16,1.5
3104,6,24,16,1.5
3105,6,24,16,1.5
3106,6,24,16,1.5
3107,6,24,16,1.5
3108,6,24,16,1.5
3109,6,24,16,1.5
3110,6,24,16,1.5
3111,6,24,16,1.5
3112,6,24,16,1.5
3113,6,24,16,1.5
3114,6,24,16,1.5
3115,6,24,16,1.5
3116,6,24,16,1.5
3117,6,24,16,1.5
3118,6,24,16,1.5
3119,6,24,16,1.5
3120,6,24,16,1.5
3121,6,24,16,1.5
3122,6,24,16,1.5
3123,6,24,16,1.5
3124,6,24,16,1.5
3125,6,24,16,1.5
3126,6,24,16,1.5
3127,6,24,16,1.5
3128,6,24,16,1.5
3129,6,24,16,1.5
3130,6,24,16,1.5
3131,6,24,16,1.5
3132,6,24,16,1.5
3133,6,24,16,1.5
3134,6,24,16,1.5
3135,6,24,16,1.5
3136,6,24,16,1.5
3137,6,24,16,1.5
3138,6,24,16,1.5
3139,6,24,16,1.5
3140,6,24,16,1.5
3141,6,24,16,1.5
3142,6,24,16,1.5
3143,6,24,16,1.5
3144,6,24,16,1.5
3145,6,24,16,1.5
3146,6,24,16,1.5
3147,6,24,16,1.5
3148,6,24,16,1.5
3149,6,24,16,1.5
3150,6,24,16,1.5
3151,6,24,16,1.5
3152,6,24,16,1.5
3153,6,24,16,1.5
3154,6,24,16,1.5
3155,6,24,16,1.5
3156,6,24,16,1.5
3157,6,24,16,1.5
3158,6,24,16,1.5
3159,6,24,16,1.5
3160,6,24,16,1.5
3161,6,24,16,1.5
3162,6,24,16,1.5
3163,6,24,16,1.5
3164,6,24,16,1.5
3165,6,24,16,1.5
3166,6,24,16,1.5
3167,6,24,16,1.5
3168,6,24,16,1.5
3169,6,24,16,1.5
3170,6,24,16,1.5
3171,6,24,16,1.5
3172,6,24,16,1.5
3173,6,24,16,1.5
3174,6,24,16,1.5
3175,6,24,16,1.5
3176,6,24,16,1.5
3177,6,24,16,1.5
3178,6,24,16,1.5
3179,6,24,16,1.5
3180,6,24,16,1.5
3181,6,24,16,1.5
3182,6,24,16,1.5
3183,6,24,16,1.5
3184,6,24,16,1.5
3185,6,24,16,1.5
3186,6,24,16,1.5
3187,6,24,16,1.5
3188,6,24,16,1.5
3189,6,24,16,1.5
3190,6,24,16,1.5
3191,6,24,16,1.5
3192,6,24,16,1.5
3193,6,24,16,1.5
3194,6,24,16,1.5
3195,6,24,16,1.5
3196,6,24,16,1.5
3197,6,24,16,1.5
3198,6,24,16,1.5
3199,6,24,16,1.5
3200,6,24,16,1.5
3201,6,24,16,1.5
3202,6,24,16,1.5
3203,6,24,16,1.5
3204,6,24,16,1.5
3205,6,24,16,1.5
3206,6,24,16,1.5
3207,6,24,16,1.5
3208,6,24,16,1.5
3209,6,24,16,1.5
3210,6,24,16,1.5
3211,6,24,16,1.5
3212,6,24,16,1.5
3213,6,24,16,1.5
3214,6,24,16,1.5
3215,6,24,16,1.5
3216,6,24,16,1.5
3217,6,24,16,1.5
3218,6,24,16,1.5
3219,6,24,16,1.5
3220,6,24,16,1.5
3221,6,24,16,1.5
3222,6,24,16,1.5
3223,6,24,16,1.5
3224,6,24,16,1.5
3225,6,24,16,1.5
3226,6,24,16,1.5
3227,6,24,16,1.5
3228,6,24,16,1.5
3229,6,24,16,1.5
3230,6,24,16,1.5
3231,6,24,16,1.5
3232,6,24,16,1.5
3233,6,24,16,1.5
3234,6,24,16,1.5
3235,6,24,16,1.5
3236,6,24,16,1.5
3237,6,24,16,1.5
3238,6,24,16,1.5
3239,6,24,16,1.5
3240,6,24,16,1.5
3241,6,24,16,1.5
3242,6,24,16,1.5
3243,6,24,16,1.5
3244,6,24,16,1.5
3245,6,24,16,1.5
3246,6,24,16,1.5
3247,6,24,16,1.5
3248,6,24,16,1.5
3249,6,24,16,1.5
3250,6,24,16,1.5
3251,6,24,16,1.5
3252,6,24,16,1.5
3253,6,24,16,1.5
3254,6,24,16,1.5
3255,6,24,16,1.5
3256,6,24,16,1.5
3257,6,24,16,1.5
3258,6,24,16,1.5
3259,6,24,16,1.5
3260,6,24,16,1.5
3261,6,24,16,1.5
3262,6,24,16,1.5
3263,6,24,16,1.5
3264,6,24,16,1.5
3265,6,24,16,1.5
3266,6,24,16,1.5
3267,6,24,16,1.5
3268,6,24,16,1.5
3269,6,24,16,1.5
3270,6,24,16,1.5
3271,6,24,16,1.5
3272,6,24,16,1.5
3273,6,24,16,1.5
3274,6,24,16,1.5
3275,6,24,16,1.5
3276,6,24,16,1.5
3277,6,24,16,1.5
3278,6,24,16,1.5
3279,6,24,16,1.5
3280,6,24,16,1.5
3281,6,24,16,1.5
3282,6,24,16,1.5
3283,6,24,16,1.5
3284,6,24,16,1.5
3285,6,24,16,1.5
3286,6,24,16,1.5
3287,6,24,16,1.5
3288,6,24,16,1.5
3289,6,24,16,1.5
3290,6,24,16,1.5
3291,6,24,16,1.5
3292,6,24,16,1.5
3293,6,24,16,1.5
3294,6,24,16,1.5
3295,6,24,16,1.5
3296,6,24,16,1.5
3297,6,24,16,1.5
3298,6,24,16,1.5
3299,6,24,16,1.5
3300,6,24,16,1.5
3301,6,24,16,1.5
3302,6,24,16,1.5
3303,6,24,16,1.5
3304,6,24,16,1.5
3305,6,24,16,1.5
3306,6,24,16,1.5
3307,6,24,16,1.5
3308,6,24,16,1.5
3309,6,24,16,1.5
3310,6,24,16,1.5
3311,6,24,16,1.5
3312,6,24,16,1.5
3313,6,24,16,1.5
3314,6,24,16,1.5
3315,6,24,16,1.5
3316,6,24,16,1.5
3317,6,24,16,1.5
3318,6,24,16,1.5
3319,6,24,16,1.5
3320,6,24,16,1.5
3321,6,24,16,1.5
3322,6,24,16,1.5
3323,6,24,16,1.5
3324,6,24,16,1.5
3325,6,24,16,1.5
3326,6,24,16,1.5
3327,6,24,16,1.5
3328,6,24,16,1.5
3329,6,24,16,1.5
3330,6,24,16,1.5
3331,6,24,16,1.5
3332,6,24,16,1.5
3333,6,24,16,1.5
3334,6,24,16,1.5
3335,6,24,16,1.5
3336,6,24,16,1.5
3337,6,24,16,1.5
3338,6,24,16,1.5
3339,6,24,16,1.5
3340,6,24,16,1.5
3341,6,24,16,1.5
3342,6,24,16,1.5
3343,6,24,16,1.5
3344,6,24,16,1.5
3345,6,24,16,1.5
3346,6,24,16,1.5
3347,6,24,16,1.5
3348,6,24,16,1.5
3349,6,24,16,1.5
3350,6,24,16,1.5
3351,6,24,16,1.5
3352,6,24,16,1.5
3353,6,24,16,1.5
3354,6,24,16,1.5
3355,6,24,16,1.5
3356,6,24,16,1.5
3357,6,24,16,1.5
3358,6,24,16,1.5
3359,6,24,16,1.5
3360,6,24,16,1.5
3361,6,24,16,1.5
3362,6,24,16,1.5
3363,6,24,16,1.5
3364,6,24,16,1.5
3365,6,24,16,1.5
3366,6,24,16,1.5
3367,6,24,16,1.5
3368,6,24,16,1.5
3369,6,24,16,1.5
3370,6,24,16,1.5
3371,6,24,16,1.5
3372,6,24,16,1.5
3373,6,24,16,1.5
3374,6,24,16,1.5
3375,6,24,16,1.5
3376,6,24,16,1.5
3377,6,24,16,1.5
3378,6,24,16,1.5
3379,6,24,16,1.5
3380,6,24,16,1.5
3381,6,24,16,1.5
3382,6,24,16,1.5
3383,6,24,16,1.5
3384,6,24,16,1.5
3385,6,24,16,1.5
3386,6,24,16,1.5
3387,6,24,16,1.5
3388,6,24,16,1.5
3389,6,24,16,1.5
3390,6,24,16,1.5
3391,6,24,16,1.5
3392,6,24,16,1.5
3393,6,24,16,1.5
3394,6,24,16,1.5
3395,6,24,16,1.5
3396,6,24,16,1.5
3397,6,24,16,1.5
3398,6,24,16,1.5
3399,6,24,16,1.5
3400,6,24,16,1.5
3401,6,24,16,1.5
3402,6,24,16,1.5
3403,6,24,16,1.5
3404,6,24,16,1.5
3405,6,24,16,1.5
3406,6,24,16,1.5
3407,6,24,16,1.5
3408,6,24,16,1.5
3409,6,24,16,1.5
3410,6,24,16,1.5
3411,6,24,16,1.5
3412,6,24,16,1.5
3413,6,24,16,1.5
3414,6,24,16,1.5
3415,6,24,16,1.5
3416,6,24,16,1.5
3417,6,24,16,1.5
3418,6,24,16,1.5
3419,6,24,16,1.5
3420,6,24,16,1.5
3421,6,24,16,1.5
3422,6,24,16,1.5
3423,6,24,16,1.5
3424,6,24,16,1.5
3425,6,24,16,1.5
3426,6,24,16,1.5
3427,6,24,16,1.5
3428,6,24,16,1.5
3429,6,24,16,1.5
3430,6,24,16,1.5
3431,6,24,16,1.5
3432,6,24,16,1.5
3433,6,24,16,1.5
3434,6,24,16,1.5
3435,6,24,16,1.5
3436,6,24,16,1.5
3437,6,24,16,1.5
3438,6,24,16,1.5
3439,6,24,16,1.5
3440,6,24,16,1.5
3441,6,24,16,1.5
3442,6,24,16,1.5
3443,6,24,16,1.5
3444,6,24,16,1.5
3445,6,24,16,1.5
3446,6,24,16,1.5
3447,6,24,16,1.5
3448,6,24,16,1.5
3449,6,24,16,1.5
3450,6,24,16,1.5
3451,6,24,16,1.5
3452,6,24,16,1.5
3453,6,24,16,1.5
3454,6,24,16,1.5
3455,6,24,16,1.5
3456,6,24,16,1.5
3457,6,24,16,1.5
3458,6,24,16,1.5
3459,6,24,16,1.5
3460,6,24,16,1.5
3461,6,24,16,1.5
3462,6,24,16,1.5
3463,6,24,16,1.5
3464,6,24,16,1.5
3465,6,24,16,1.5
3466,6,24,16,1.5
3467,6,24,16,1.5
3468,6,24,16,1.5
3469,6,24,16,1.5
3470,6,24,16,1.5
3471,6,24,16,1.5
3472,6,24,16,1.5
3473,6,24,16,1.5
3474,6,24,16,1.5
3475,6,24,16,1.5
3476,6,24,16,1.5
3477,6,24,16,1.5
3478,6,24,16,1.5
3479,6,24,16,1.5
3480,6,24,16,1.5
3481,6,24,16,1.5
3482,6,24,16,1.5
3483,6,24,16,1.5
3484,6,24,16,1.5
3485,6,24,16,1.5
3486,6,24,16,1.5
3487,6,24,16,1.5
3488,6,24,16,1.5
3489,6,24,16,1.5
3490,6,24,16,1.5
3491,6,24,16,1.5
3492,6,24,16,1.5
3493,6,24,16,1.5
3494,6,24,16,1.5
3495,6,24,16,1.5
3496,6,24,16,1.5
3497,6,24,16,1.5
3498,6,24,16,1.5
3499,6,24,16,1.5
3500,6,24,16,1.5
3501,6,24,16,1.5
3502,6,24,16,1.5
3503,6,24,16,1.5
3504,6,24,16,1.5
3505,6,24,16,1.5
3506,6,24,16,1.5
3507,6,24,16,1.5
3508,6,24,16,1.5
3509,6,24,16,1.5
3510,6,24,16,1.5
3511,6,24,16,1.5
3512,6,24,16,1.5
3513,6,24,16,1.5
3514,6,24,16,1.5
3515,6,24,16,1.5
3516,6,24,16,1.5
3517,6,24,16,1.5
3518,6,24,16,1.5
3519,6,24,16,1.5
3520,6,24,16,1.5
3521,6,24,16,1.5
3522,6,24,16,1.5
3523,6,24,16,1.5
3524,6,24,16,1.5
3525,6,24,16,1.5
3526,6,24,16,1.5
3527,6,24,16,1.5
3528,6,24,16,1.5
3529,6,24,16,1.5
3530,6,24,16,1.5
3531,6,24,16,1.5
3532,6,24,16,1.5
3533,6,24,16,1.5
3534,6,24,16,1.5
3535,6,24,16,1.5
3536,6,24,16,1.5
3537,6,24,16,1.5
3538,6,24,16,1.5
3539,6,24,16,1.5
3540,6,24,16,1.5
3541,6,24,16,1.5
3542,6,24,16,1.5
3543,6,24,16,1.5
3544,6,24,16,1.5
3545,6,24,16,1.5
3546,6,24,16,1.5
3547,6,24,16,1.5
3548,6,24,16,1.5
3549,6,24,16,1.5
3550,6,24,16,1.5
3551,6,24,16,1.5
3552,6,24,16,1.5
3553,6,24,16,1.5
3554,6,24,16,1.5
3555,6,24,16,1.5
3556,6,24,16,1.5
3557,6,24,16,1.5
3558,6,24,16,1.5
3559,6,24,16,1.5
3560,6,24,16,1.5
3561,6,24,16,1.5
3562,6,24,16,1.5
3563,6,24,16,1.5
3564,6,24,16,1.5
3565,6,24,16,1.5
3566,6,24,16,1.5
3567,6,24,16,1.5
3568,6,24,16,1.5
3569,6,24,16,1.5
3570,6,24,16,1.5
3571,6,24,16,1.5
3572,6,24,16,1.5
3573,6,24,16,1.5
3574,6,24,16,1.5
3575,6,24,16,1.5
3576,6,24,16,1.5
3577,6,24,16,1.5
3578,6,24,16,1.5
3579,6,24,16,1.5
3580,6,24,16,1.5
3581,6,24,16,1.5
3582,6,24,16,1.5
3583,6,24,16,1.5
3584,6,24,16,1.5
3585,6,24,16,1.5
3586,6,24,16,1.5
3587,6,24,16,1.5
3588,6,24,16,1.5
3589,6,24,16,1.5
3590,6,24,16,1.5
3591,6,24,16,1.5
3592,6,24,16,1.5
3593,6,24,16,1.5
3594,6,24,16,1.5
3595,6,24,16,1.5
3596,6,24,16,1.5
3597,6,24,16,1.5
3598,6,24,16,1.5
3599,6,24,16,1.5
3600,6,24,16,1.5
3601,6,24,16,1.5
3602,6,24,16,1.5
3603,6,24,16,1.5
3604,6,24,16,1.5
3605,6,24,16,1.5
3606,6,24,16,1.5
3607,6,24,16,1.5
3608,6,24,16,1.5
3609,6,24,16,1.5
3610,6,24,16,1.5
3611,6,24,16,1.5
3612,6,24,16,1.5
3613,6,24,16,1.5
3614,6,24,16,1.5
3615,6,24,16,1.5
3616,6,24,16,1.5
3617,6,24,16,1.5
3618,6,24,16,1.5
3619,6,24,16,1.5
3620,6,24,16,1.5
3621,6,24,16,1.5
3622,6,24,16,1.5
3623,6,24,16,1.5
3624,6,24,16,1.5
3625,6,24,16,1.5
3626,6,24,16,1.5
3627,6,24,16,1.5
3628,6,24,16,1.5
3629,6,24,16,1.5
3630,6,24,16,1.5
3631,6,24,16,1.5
3632,6,24,16,1.5
3633,6,24,16,1.5
3634,6,24,16,1.5
3635,6,24,16,1.5
3636,6,24,16,1.5
3637,6,24,16,1.5
3638,6,24,16,1.5
3639,6,24,16,1.5
3640,6,24,16,1.5
3641,6,24,16,1.5
3642,6,24,16,1.5
3643,6,24,16,1.5
3644,6,24,16,1.5
3645,6,24,16,1.5
3646,6,24,16,1.5
3647,6,24,16,1.5
3648,6,24,16,1.5
3649,6,24,16,1.5
3650,6,24,16,1.5
3651,6,24,16,1.5
3652,6,24,16,1.5
3653,6,24,16,1.5
3654,6,24,16,1.5
3655,6,24,16,1.5
3656,6,24,16,1.5
3657,6,24,16,1.5
3658,6,24,16,1.5
3659,6,24,16,1.5
3660,6,24,16,1.5
3661,6,24,16,1.5
3662,6,24,16,1.5
3663,6,24,16,1.5
3664,6,24,16,1.5
3665,6,24,16,1.5
3666,6,24,16,1.5
3667,6,24,16,1.5
3668,6,24,16,1.5
3669,6,24,16,1.5
3670,6,24,16,1.5
3671,6,24,16,1.5
3672,6,24,16,1.5
3673,6,24,16,1.5
3674,6,24,16,1.5
3675,6,24,16,1.5
3676,6,24,16,1.5
3677,6,24,16,1.5
3678,6,24,16,1.5
3679,6,24,16,1.5
3680,6,24,16,1.5
3681,6,24,16,1.5
3682,6,24,16,1.5
3683,6,24,16,1.5
3684,6,24,16,1.5
3685,6,24,16,1.5
3686,6,24,16,1.5
3687,6,24,16,1.5
3688,6,24,16,1.5
3689,6,24,16,1.5
3690,6,24,16,1.5
3691,6,24,16,1.5
3692,6,24,16,1.5
3693,6,24,16,1.5
3694,6,24,16,1.5
3695,6,24,16,1.5
3696,6,24,16,1.5
3697,6,24,16,1.5
3698,6,24,16,1.5
3699,6,24,16,1.5
3700,6,24,16,1.5
3701,6,24,16,1.5
3702,6,24,16,1.5
3703,6,24,16,1.5
3704,6,24,16,1.5
3705,6,24,16,1.5
3706,6,24,16,1.5
3707,6,24,16,1.5
3708,6,24,16,1.5
3709,6,24,16,1.5
3710,6,24,16,1.5
3711,6,24,16,1.5
3712,6,24,16,1.5
3713,6,24,16,1.5
3714,6,24,16,1.5
3715,6,24,16,1.5
3716,6,24,16,1.5
3717,6,24,16,1.5
3718,6,24,16,1.5
3719,6,24,16,1.5
3720,6,24,16,1.5
3721,6,24,16,1.5
3722,6,24,16,1.5
3723,6,24,16,1.5
3724,6,24,16,1.5
3725,6,24,16,1.5
3726,6,24,16,1.5
3727,6,24,16,1.5
3728,6,24,16,1.5
3729,6,24,16,1.5
3730,6,24,16,1.5
3731,6,24,16,1.5
3732,6,24,16,1.5
3733,6,24,16,1.5
3734,6,24,16,1.5
3735,6,24,16,1.5
3736,6,24,16,1.5
3737,6,24,16,1.5
3738,6,24,16,1.5
3739,6,24,16,1.5
3740,6,24,16,1.5
3741,6,24,16,1.5
3742,6,24,16,1.5
3743,6,24,16,1.5
3744,6,24,16,1.5
3745,6,24,16,1.5
3746,6,24,16,1.5
3747,6,24,16,1.5
3748,6,24,16,1.5
3749,6,24,16,1.5
3750,6,24,16,1.5
3751,6,24,16,1.5
3752,6,24,16,1.5
3753,6,24,16,1.5
3754,6,24,16,1.5
3755,6,24,16,1.5
3756,6,24,16,1.5
3757,6,24,16,1.5
3758,6,24,16,1.5
3759,6,24,16,1.5
3760,6,24,16,1.5
3761,6,24,16,1.5
3762,6,24,16,1.5
3763,6,24,16,1.5
3764,6,24,16,1.5
3765,6,24,16,1.5
3766,6,24,16,1.5
3767,6,24,16,1.5
3768,6,24,16,1.5
3769,6,24,16,1.5
3770,6,24,16,1.5
3771,6,24,16,1.5
3772,6,24,16,1.5
3773,6,24,16,1.5
3774,6,24,16,1.5
3775,6,24,16,1.5
3776,6,24,16,1.5
3777,6,24,16,1.5
3778,6,24,16,1.5
3779,6,24,16,1.5
3780,6,24,16,1.5
3781,6,24,16,1.5
3782,6,24,16,1.5
3783,6,24,16,1.5
3784,6,24,16,1.5
3785,6,24,16,1.5
3786,6,24,16,1.5
3787,6,24,16,1.5
3788,6,24,16,1.5
3789,6,24,16,1.5
3790,6,24,16,1.5
3791,6,24,16,1.5
3792,6,24,16,1.5
3793,6,24,16,1.5
3794,6,24,16,1.5
3795,6,24,16,1.5
3796,6,24,16,1.5
3797,6,24,16,1.5
3798,6,24,16,1.5
3799,6,24,16,1.5
3800,6,24,16,1.5
3801,6,24,16,1.5
3802,6,24,16,1.5
3803,6,24,16,1.5
3804,6,24,16,1.5
3805,6,24,16,1.5
3806,6,24,16,1.5
3807,6,24,16,1.5
3808,6,24,16,1.5
3809,6,24,16,1.5
3810,6,24,16,1.5
3811,6,24,16,1.5
3812,6,24,16,1.5
3813,6,24,16,1.5
3814,6,24,16,1.5
3815,6,24,16,1.5
3816,6,24,16,1.5
3817,6,24,16,1.5
3818,6,24,16,1.5
3819,6,24,16,1.5
3820,6,24,16,1.5
3821,6,24,16,1.5
3822,6,24,16,1.5
3823,6,24,16,1.5
3824,6,24,16,1.5
3825,6,24,16,1.5
3826,6,24,16,1.5
3827,6,24,16,1.5
3828,6,24,16,1.5
3829,6,24,16,1.5
3830,6,24,16,1.5
3831,6,24,16,1.5
3832,6,24,16,1.5
3833,6,24,16,1.5
3834,6,24,16,1.5
3835,6,24,16,1.5
3836,6,24,16,1.5
3837,6,24,16,1.5
3838,6,24,16,1.5
3839,6,24,16,1.5
3840,6,24,16,1.5
3841,6,24,16,1.5
3842,6,24,16,1.5
3843,6,24,16,1.5
3844,6,24,16,1.5
3845,6,24,16,1.5
3846,6,24,16,1.5
3847,6,24,16,1.5
3848,6,24,16,1.5
3849,6,24,16,1.5
3850,6,24,16,1.5
3851,6,24,16,1.5
3852,6,24,16,1.5
3853,6,24,16,1.5
3854,6,24,16,1.5
3855,6,24,16,1.5
3856,6,24,16,1.5
3857,6,24,16,1.5
3858,6,24,16,1.5
3859,6,24,16,1.5
3860,6,24,16,1.5
3861,6,24,16,1.5
3862,6,24,16,1.5
3863,6,24,16,1.5
3864,6,24,16,1.5
3865,6,24,16,1.5
3866,6,24,16,1.5
3867,6,24,16,1.5
3868,6,24,16,1.5
3869,6,24,16,1.5
3870,6,24,16,1.5
3871,6,24,16,1.5
3872,6,24,16,1.5
3873,6,24,16,1.5
3874,6,24,16,1.5
3875,6,24,16,1.5
3876,6,24,16,1.5
3877,6,24,16,1.5
3878,6,24,16,1.5
3879,6,24,16,1.5
3880,6,24,16,1.5
3881,6,24,16,1.5
3882,6,24,16,1.5
3883,6,24,16,1.5
3884,6,24,16,1.5
3885,6,24,16,1.5
3886,6,24,16,1.5
3887,6,24,16,1.5
3888,6,24,16,1.5
3889,6,24,16,1.5
3890,6,24,16,1.5
3891,6,24,16,1.5
3892,6,24,16,1.5
3893,6,24,16,1.5
3894,6,24,16,1.5
3895,6,24,16,1.5
3896,6,24,16,1.5
3897,6,24,16,1.5
3898,6,24,16,1.5
3899,6,24,16,1.5
3900,6,24,16,1.5
3901,6,24,16,1.5
3902,6,24,16,1.5
3903,6,24,16,1.5
3904,6,24,16,1.5
3905,6,24,16,1.5
3906,6,24,16,1.5
3907,6,24,16,1.5
3908,6,24,16,1.5
3909,6,24,16,1.5
3910,6,24,16,1.5
3911,6,24,16,1.5
3912,6,24,16,1.5
3913,6,24,16,1.5
3914,6,24,16,1.5
3915,6,24,16,1.5
3916,6,24,16,1.5
3917,6,24,16,1.5
3918,6,24,16,1.5
3919,6,24,16,1.5
3920,6,24,16,1.5
3921,6,24,16,1.5
3922,6,24,16,1.5
3923,6,24,16,1.5
3924,6,24,16,1.5
3925,6,24,16,1.5
3926,6,24,16,1.5
3927,6,24,16,1.5
3928,6,24,16,1.5
3929,6,24,16,1.5
3930,6,24,16,1.5
3931,6,24,16,1.5
3932,6,24,16,1.5
3933,6,24,16,1.5
3934,6,24,16,1.5
3935,6,24,16,1.5
3936,6,24,16,1.5
3937,6,24,16,1.5
3938,6,24,16,1.5
3939,6,24,16,1.5
3940,6,24,16,1.5
3941,6,24,16,1.5
3942,6,24,16,1.5
3943,6,24,16,1.5
3944,6,24,16,1.5
3945,6,24,16,1.5
3946,6,24,16,1.5
3947,6,24,16,1.5
3948,6,24,16,1.5
3949,6,24,16,1.5
3950,6,24,16,1.5
3951,6,24,16,1.5
3952,6,24,16,1.5
3953,6,24,16,1.5
3954,6,24,16,1.5
3955,6,24,16,1.5
3956,6,24,16,1.5
3957,6,24,16,1.5
3958,6,24,16,1.5
3959,6,24,16,1.5
3960,6,24,16,1.5
3961,6,24,16,1.5
3962,6,24,16,1.5
3963,6,24,16,1.5
3964,6,24,16,1.5
3965,6,24,16,1.5
3966,6,24,16,1.5
3967,6,24,16,1.5
3968,6,24,16,1.5
3969,6,24,16,1.5
3970,6,24,16,1.5
3971,6,24,16,1.5
3972,6,24,16,1.5
3973,6,24,16,1.5
3974,6,24,16,1.5
3975,6,24,16,1.5
3976,6,24,16,1.5
3977,6,24,16,1.5
3978,6,24,16,1.5
3979,6,24,16,1.5
3980,6,24,16,1.5
3981,6,24,16,1.5
3982,6,24,16,1.5
3983,6,24,16,1.5
3984,6,24,16,1.5
3985,6,24,16,1.5
3986,6,24,16,1.5
3987,6,24,16,1.5
3988,6,24,16,1.5
3989,6,24,16,1.5
3990,6,24,16,1.5
3991,6,24,16,1.5
3992,6,24,16,1.5
3993,6,24,16,1.5
3994,6,24,16,1.5
3995,6,24,16,1.5
3996,6,24,16,1.5
3997,6,24,16,1.5
3998,6,24,16,1.5
3999,6,24,16,1.5
4000,6,24,16,1.5
4001,6,24,16,1.5
4002,6,24,16,1.5
4003,6,24,16,1.5
4004,6,24,16,1.5
4005,6,24,16,1.5
4006,6,24,16,1.5
4007,6,24,16,1.5
4008,6,24,16,1.5
4009,6,24,16,1.5
4010,6,24,16,1.5
4011,6,24,16,1.5
4012,6,24,16,1.5
4013,6,24,16,1.5
4014,6,24,16,1.5
4015,6,24,16,1.5
4016,6,24,16,1.5
4017,6,24,16,1.5
4018,6,24,16,1.5
4019,6,24,16,1.5
4020,6,24,16,1.5
4021,6,24,16,1.5
4022,6,24,16,1.5
4023,6,24,16,1.5
4024,6,24,16,1.5
4025,6,24,16,1.5
4026,6,24,16,1.5
4027,6,24,16,1.5
4028,6,24,16,1.5
4029,6,24,16,1.5
4030,6,24,16,1.5
4031,6,24,16,1.5
4032,6,24,16,1.5
4033,6,24,16,1.5
4034,6,24,16,1.5
4035,6,24,16,1.5
4036,6,24,16,1.5
4037,6,24,16,1.5
4038,6,24,16,1.5
4039,6,24,16,1.5
4040,6,24,16,1.5
4041,6,24,16,1.5
4042,6,24,16,1.5
4043,6,24,16,1.5
4044,6,24,16,1.5
4045,6,24,16,1.5
4046,6,24,16,1.5
4047,6,24,16,1.5
4048,6,24,16,1.5
4049,6,24,16,1.5
4050,6,24,16,1.5
4051,6,24,16,1.5
4052,6,24,16,1.5
4053,6,24,16,1.5
4054,6,24,16,1.5
4055,6,24,16,1.5
4056,6,24,16,1.5
4057,6,24,16,1.5
4058,6,24,16,1.5
4059,6,24,16,1.5
4060,6,24,16,1.5
4061,6,24,16,1.5
4062,6,24,16,1.5
4063,6,24,16,1.5
4064,6,24,16,1.5
4065,6,24,16,1.5
4066,6,24,16,1.5
4067,6,24,16,1.5
4068,6,24,16,1.5
4069,6,24,16,1.5
4070,6,24,16,1.5
4071,6,24,16,1.5
4072,6,24,16,1.5
4073,6,24,16,1.5
4074,6,24,16,1.5
4075,6,24,16,1.5
4076,6,24,16,1.5
4077,6,24,16,1.5
4078,6,24,16,1.5
4079,6,24,16,1.5
4080,6,24,16,1.5
4081,6,24,16,1.5
4082,6,24,16,1.5
4083,6,24,16,1.5
4084,6,24,16,1.5
4085,6,24,16,1.5
4086,6,24,16,1.5
4087,6,24,16,1.5
4088,6,24,16,1.5
4089,6,24,16,1.5
4090,6,24,16,1.5
4091,6,24,16,1.5
4092,6,24,16,1.5
4093,6,24,16,1.5
4094,6,24,16,1.5
4095,6,24,16,1.5
4096,6,24,16,1.5
4097,6,24,16,1.5
4098,6,24,16,1.5
4099,6,24,16,1.5
4100,6,24,16,1.5
4101,6,24,16,1.5
4102,6,24,16,1.5
4103,6,24,16,1.5
4104,6,24,16,1.5
4105,6,24,16,1.5
4106,6,24,16,1.5
4107,6,24,16,1.5
4108,6,24,16,1.5
4109,6,24,16,1.5
4110,6,24,16,1.5
4111,6,24,16,1.5
4112,6,24,16,1.5
4113,6,24,16,1.5
4114,6,24,16,1.5
4115,6,24,16,1.5
4116,6,24,16,1.5
4117,6,24,16,1.5
4118,6,24,16,1.5
4119,6,24,16,1.5
4120,6,24,16,1.5
4121,6,24,16,1.5
4122,6,24,16,1.5
4123,6,24,16,1.5
4124,6,24,16,1.5
4125,6,24,16,1.5
4126,6,24,16,1.5
4127,6,24,16,1.5
4128,6,24,16,1.5
4129,6,24,16,1.5
4130,6,24,16,1.5
4131,6,24,16,1.5
4132,6,24,16,1.5
4133,6,24,16,1.5
4134,6,24,16,1.5
4135,6,24,16,1.5
4136,6,24,16,1.5
4137,6,24,16,1.5
4138,6,24,16,1.5
4139,6,24,16,1.5
4140,6,24,16,1.5
4141,6,24,16,1.5
4142,6,24,16,1.5
4143,6,24,16,1.5
4144,6,24,16,1.5
4145,6,24,16,1.5
4146,6,24,16,1.5
4147,6,24,16,1.5
4148,6,24,16,1.5
4149,6,24,16,1.5
4150,6,24,16,1.5
4151,6,24,16,1.5
4152,6,24,16,1.5
4153,6,24,16,1.5
4154,6,24,16,1.5
4155,6,24,16,1.5
4156,6,24,16,1.5
4157,6,24,16,1.5
4158,6,24,16,1.5
4159,6,24,16,1.5
4160,6,24,16,1.5
4161,6,24,16,1.5
4162,6,24,16,1.5
4163,6,24,16,1.5
4164,6,24,16,1.5
4165,6,24,16,1.5
4166,6,24,16,1.5
4167,6,24,16,1.5
4168,6,24,16,1.5
4169,6,24,16,1.5
4170,6,24,16,1.5
4171,6,24,16,1.5
4172,6,24,16,1.5
4173,6,24,16,1.5
4174,6,24,16,1.5
4175,6,24,16,1.5
4176,6,24,16,1.5
4177,6,24,16,1.5
4178,6,24,16,1.5
4179,6,24,16,1.5
4180,6,24,16,1.5
4181,6,24,16,1.5
4182,6,24,16,1.5
4183,6,24,16,1.5
4184,6,24,16,1.5
4185,6,24,16,1.5
4186,6,24,16,1.5
4187,6,24,16,1.5
4188,6,24,16,1.5
4189,6,24,16,1.5
4190,6,24,16,1.5
4191,6,24,16,1.5
4192,6,24,16,1.5
4193,6,24,16,1.5
4194,6,24,16,1.5
4195,6,24,16,1.5
4196,6,24,16,1.5
4197,6,24,16,1.5
4198,6,24,16,1.5
4199,6,24,16,1.5
4200,6,24,16,1.5
4201,6,24,16,1.5
4202,6,24,16,1.5
4203,6,24,16,1.5
4204,6,24,16,1.5
4205,6,24,16,1.5
4206,6,24,16,1.5
4207,6,24,16,1.5
4208,6,24,16,1.5
4209,6,24,16,1.5
4210,6,24,16,1.5
4211,6,24,16,1.5
4212,6,24,16,1.5
4213,6,24,16,1.5
4214,6,24,16,1.5
4215,6,24,16,1.5
4216,6,24,16,1.5
4217,6,24,16,1.5
4218,6,24,16,1.5
4219,6,24,16,1.5
4220,6,24,16,1.5
4221,6,24,16,1.5
4222,6,24,16,1.5
4223,6,24,16,1.5
4224,6,24,16,1.5
4225,6,24,16,1.5
4226,6,24,16,1.5
4227,6,24,16,1.5
4228,6,24,16,1.5
4229,6,24,16,1.5
4230,6,24,16,1.5
4231,6,24,16,1.5
4232,6,24,16,1.5
4233,6,24,16,1.5
4234,6,24,16,1.5
4235,6,24,16,1.5
4236,6,24,16,1.5
4237,6,24,16,1.5
4238,6,24,16,1.5
4239,6,24,16,1.5
4240,6,24,16,1.5
4241,6,24,16,1.5
4242,6,24,16,1.5
4243,6,24,16,1.5
4244,6,24,16,1.5
4245,6,24,16,1.5
4246,6,24,16,1.5
4247,6,24,16,1.5
4248,6,24,16,1.5
4249,6,24,16,1.5
4250,6,24,16,1.5
4251,6,24,16,1.5
4252,6,24,16,1.5
4253,6,24,16,1.5
4254,6,24,16,1.5
4255,6,24,16,1.5
4256,6,24,16,1.5
4257,6,24,16,1.5
4258,6,24,16,1.5
4259,6,24,16,1.5
4260,6,24,16,1.5
4261,6,24,16,1.5
4262,6,24,16,1.5
4263,6,24,16,1.5
4264,6,24,16,1.5
4265,6,24,16,1.5
4266,6,24,16,1.5
4267,6,24,16,1.5
4268,6,24,16,1.5
4269,6,24,16,1.5
4270,6,24,16,1.5
4271,6,24,16,1.5
4272,6,24,16,1.5
4273,6,24,16,1.5
4274,6,24,16,1.5
4275,6,24,16,1.5
4276,6,24,16,1.5
4277,6,24,16,1.5
4278,6,24,16,1.5
4279,6,24,16,1.5
4280,6,24,16,1.5
4281,6,24,16,1.5
4282,6,24,16,1.5
4283,6,24,16,1.5
4284,6,24,16,1.5
4285,6,24,16,1.5
4286,6,24,16,1.5
4287,6,24,16,1.5
4288,6,24,16,1.5
4289,6,24,16,1.5
4290,6,24,16,1.5
4291,6,24,16,1.5
4292,6,24,16,1.5
4293,6,24,16,1.5
4294,6,24,16,1.5
4295,6,24,16,1.5
4296,6,24,16,1.5
4297,6,24,16,1.5
4298,6,24,16,1.5
4299,6,24,16,1.5
4300,6,24,16,1.5
4301,6,24,16,1.5
4302,6,24,16,1.5
4303,6,24,16,1.5
4304,6,24,16,1.5
4305,6,24,16,1.5
4306,6,24,16,1.5
4307,6,24,16,1.5
4308,6,24,16,1.5
4309,6,24,16,1.5
4310,6,24,16,1.5
4311,6,24,16,1.5
4312,6,24,16,1.5
4313,6,24,16,1.5
4314,6,24,16,1.5
4315,6,24,16,1.5
4316,6,24,16,1.5
4317,6,24,16,1.5
4318,6,24,16,1.5
4319,6,24,16,1.5
4320,6,24,16,1.5
4321,6,24,16,1.5
4322,6,24,16,1.5
4323,6,24,16,1.5
4324,6,24,16,1.5
4325,6,24,16,1.5
4326,6,24,16,1.5
4327,6,24,16,1.5
4328,6,24,16,1.5
4329,6,24,16,1.5
4330,6,24,16,1.5
4331,6,24,16,1.5
4332,6,24,16,1.5
4333,6,24,16,1.5
4334,6,24,16,1.5
4335,6,24,16,1.5
4336,6,24,16,1.5
4337,6,24,16,1.5
4338,6,24,16,1.5
4339,6,24,16,1.5
4340,6,24,16,1.5
4341,6,24,16,1.5
4342,6,24,16,1.5
4343,6,24,16,1.5
4344,6,24,16,1.5
4345,6,24,16,1.5
4346,6,24,16,1.5
4347,6,24,16,1.5
4348,6,24,16,1.5
4349,6,24,16,1.5
4350,6,24,16,1.5
4351,6,24,16,1.5
4352,6,24,16,1.5
4353,6,24,16,1.5
4354,6,24,16,1.5
4355,6,24,16,1.5
4356,6,24,16,1.5
4357,6,24,16,1.5
4358,6,24,16,1.5
4359,6,24,16,1.5
4360,6,24,16,1.5
4361,6,24,16,1.5
4362,6,24,16,1.5
4363,6,24,16,1.5
4364,6,24,16,1.5
4365,6,24,16,1.5
4366,6,24,16,1.5
4367,6,24,16,1.5
4368,6,24,16,1.5
4369,6,24,16,1.5
4370,6,24,16,1.5
4371,6,24,16,1.5
4372,6,24,16,1.5
4373,6,24,16,1.5
4374,6,24,16,1.5
4375,6,24,16,1.5
4376,6,24,16,1.5
4377,6,24,16,1.5
4378,6,24,16,1.5
4379,6,24,16,1.5
4380,6,24,16,1.5
4381,6,24,16,1.5
4382,6,24,16,1.5
4383,6,24,16,1.5
4384,6,24,16,1.5
4385,6,24,16,1.5
4386,6,24,16,1.5
4387,6,24,16,1.5
4388,6,24,16,1.5
4389,6,24,16,1.5
4390,6,24,16,1.5
4391,6,24,16,1.5
4392,6,24,16,1.5
4393,6,24,16,1.5
4394,6,24,16,1.5
4395,6,24,16,1.5
4396,6,24,16,1.5
4397,6,24,16,1.5
4398,6,24,16,1.5
4399,6,24,16,1.5
4400,6,24,16,1.5
4401,6,24,16,1.5
4402,6,24,16,1.5
4403,6,24,16,1.5
4404,6,24,16,1.5
4405,6,24,16,1.5
4406,6,24,16,1.5
4407,6,24,16,1.5
4408,6,24,16,1.5
4409,6,24,16,1.5
4410,6,24,16,1.5
4411,6,24,16,1.5
4412,6,24,16,1.5
4413,6,24,16,1.5
4414,6,24,16,1.5
4415,6,24,16,1.5
4416,6,24,16,1.5
4417,6,24,16,1.5
4418,6,24,16,1.5
4419,6,24,16,1.5
4420,6,24,16,1.5
4421,6,24,16,1.5
4422,6,24,16,1.5
4423,6,24,16,1.5
4424,6,24,16,1.5
4425,6,24,16,1.5
4426,6,24,16,1.5
4427,6,24,16,1.5
4428,6,24,16,1.5
4429,6,24,16,1.5
4430,6,24,16,1.5
4431,6,24,16,1.5
4432,6,24,16,1.5
4433,6,24,16,1.5
4434,6,24,16,1.5
4435,6,24,16,1.5
4436,6,24,16,1.5
4437,6,24,16,1.5
4438,6,24,16,1.5
4439,6,24,16,1.5
4440,6,24,16,1.5
4441,6,24,16,1.5
4442,6,24,16,1.5
4443,6,24,16,1.5
4444,6,24,16,1.5
4445,6,24,16,1.5
4446,6,24,16,1.5
4447,6,24,16,1.5
4448,6,24,16,1.5
4449,6,24,16,1.5
4450,6,24,16,1.5
4451,6,24,16,1.5
4452,6,24,16,1.5
4453,6,24,16,1.5
4454,6,24,16,1.5
4455,6,24,16,1.5
4456,6,24,16,1.5
4457,6,24,16,1.5
4458,6,24,16,1.5
4459,6,24,16,1.5
4460,6,24,16,1.5
4461,6,24,16,1.5
4462,6,24,16,1.5
4463,6,24,16,1.5
4464,6,24,16,1.5
4465,6,24,16,1.5
4466,6,24,16,1.5
4467,6,24,16,1.5
4468,6,24,16,1.5
4469,6,24,16,1.5
4470,6,24,16,1.5
4471,6,24,16,1.5
4472,6,24,16,1.5
4473,6,24,16,1.5
4474,6,24,16,1.5
4475,6,24,16,1.5
4476,6,24,16,1.5
4477,6,24,16,1.5
